path,folder,file,label,child,h,w,split
/content/dysgraphia_raw/Potential Dysgraphia Handwriting Dataset of School-Age Children/DATASET DYSGRAPHIA HANDWRITING/DATASET DYSGRAPHIA HANDWRITING/Low Potential Dysgraphia/LPD (33).jpg,Low Potential Dysgraphia,LPD (33).jpg,0,/content/dysgraphia_raw/Potential Dysgraphia Handwriting Dataset of School-Age Children/DATASET DYSGRAPHIA HANDWRITING/DATASET DYSGRAPHIA HANDWRITING/Low Potential Dysgraphia/LPD (33).jpg,259,1236,train
/content/dysgraphia_raw/Potential Dysgraphia Handwriting Dataset of School-Age Children/DATASET DYSGRAPHIA HANDWRITING/DATASET DYSGRAPHIA HANDWRITING/Low Potential Dysgraphia/LPD (26).jpg,Low Potential Dysgraphia,LPD (26).jpg,0,/content/dysgraphia_raw/Potential Dysgraphia Handwriting Dataset of School-Age Children/DATASET DYSGRAPHIA HANDWRITING/DATASET DYSGRAPHIA HANDWRITING/Low Potential Dysgraphia/LPD (26).jpg,186,1280,train
/content/dysgraphia_raw/Potential Dysgraphia Handwriting Dataset of School-Age Children/DATASET DYSGRAPHIA HANDWRITING/DATASET DYSGRAPHIA HANDWRITING/Low Potential Dysgraphia/LPD (14).jpg,Low Potential Dysgraphia,LPD (14).jpg,0,/content/dysgraphia_raw/Potential Dysgraphia Handwriting Dataset of School-Age Children/DATASET DYSGRAPHIA HANDWRITING/DATASET DYSGRAPHIA HANDWRITING/Low Potential Dysgraphia/LPD (14).jpg,213,1212,train
/content/dysgraphia_raw/Potential Dysgraphia Handwriting Dataset of School-Age Children/DATASET DYSGRAPHIA HANDWRITING/DATASET DYSGRAPHIA HANDWRITING/Low Potential Dysgraphia/LPD (35).jpg,Low Potential Dysgraphia,LPD (35).jpg,0,/content/dysgraphia_raw/Potential Dysgraphia Handwriting Dataset of School-Age Children/DATASET DYSGRAPHIA HANDWRITING/DATASET DYSGRAPHIA HANDWRITING/Low Potential Dysgraphia/LPD (35).jpg,178,1174,train
/content/dysgraphia_raw/Potential Dysgraphia Handwriting Dataset of School-Age Children/DATASET DYSGRAPHIA HANDWRITING/DATASET DYSGRAPHIA HANDWRITING/Low Potential Dysgraphia/LPD (79).jpg,Low Potential Dysgraphia,LPD (79).jpg,0,/content/dysgraphia_raw/Potential Dysgraphia Handwriting Dataset of School-Age Children/DATASET DYSGRAPHIA HANDWRITING/DATASET DYSGRAPHIA HANDWRITING/Low Potential Dysgraphia/LPD (79).jpg,92,728,train
/content/dysgraphia_raw/Potential Dysgraphia Handwriting Dataset of School-Age Children/DATASET DYSGRAPHIA HANDWRITING/DATASET DYSGRAPHIA HANDWRITING/Low Potential Dysgraphia/LPD (104).jpg,Low Potential Dysgraphia,LPD (104).jpg,0,/content/dysgraphia_raw/Potential Dysgraphia Handwriting Dataset of School-Age Children/DATASET DYSGRAPHIA HANDWRITING/DATASET DYSGRAPHIA HANDWRITING/Low Potential Dysgraphia/LPD (104).jpg,165,1250,val
/content/dysgraphia_raw/Potential Dysgraphia Handwriting Dataset of School-Age Children/DATASET DYSGRAPHIA HANDWRITING/DATASET DYSGRAPHIA HANDWRITING/Low Potential Dysgraphia/LPD (71).jpg,Low Potential Dysgraphia,LPD (71).jpg,0,/content/dysgraphia_raw/Potential Dysgraphia Handwriting Dataset of School-Age Children/DATASET DYSGRAPHIA HANDWRITING/DATASET DYSGRAPHIA HANDWRITING/Low Potential Dysgraphia/LPD (71).jpg,160,1201,train
/content/dysgraphia_raw/Potential Dysgraphia Handwriting Dataset of School-Age Children/DATASET DYSGRAPHIA HANDWRITING/DATASET DYSGRAPHIA HANDWRITING/Low Potential Dysgraphia/LPD (106).jpg,Low Potential Dysgraphia,LPD (106).jpg,0,/content/dysgraphia_raw/Potential Dysgraphia Handwriting Dataset of School-Age Children/DATASET DYSGRAPHIA HANDWRITING/DATASET DYSGRAPHIA HANDWRITING/Low Potential Dysgraphia/LPD (106).jpg,105,677,test
/content/dysgraphia_raw/Potential Dysgraphia Handwriting Dataset of School-Age Children/DATASET DYSGRAPHIA HANDWRITING/DATASET DYSGRAPHIA HANDWRITING/Low Potential Dysgraphia/LPD (108).jpg,Low Potential Dysgraphia,LPD (108).jpg,0,/content/dysgraphia_raw/Potential Dysgraphia Handwriting Dataset of School-Age Children/DATASET DYSGRAPHIA HANDWRITING/DATASET DYSGRAPHIA HANDWRITING/Low Potential Dysgraphia/LPD (108).jpg,261,1162,train
/content/dysgraphia_raw/Potential Dysgraphia Handwriting Dataset of School-Age Children/DATASET DYSGRAPHIA HANDWRITING/DATASET DYSGRAPHIA HANDWRITING/Low Potential Dysgraphia/LPD (74).jpg,Low Potential Dysgraphia,LPD (74).jpg,0,/content/dysgraphia_raw/Potential Dysgraphia Handwriting Dataset of School-Age Children/DATASET DYSGRAPHIA HANDWRITING/DATASET DYSGRAPHIA HANDWRITING/Low Potential Dysgraphia/LPD (74).jpg,167,1237,test
/content/dysgraphia_raw/Potential Dysgraphia Handwriting Dataset of School-Age Children/DATASET DYSGRAPHIA HANDWRITING/DATASET DYSGRAPHIA HANDWRITING/Low Potential Dysgraphia/LPD (113).jpg,Low Potential Dysgraphia,LPD (113).jpg,0,/content/dysgraphia_raw/Potential Dysgraphia Handwriting Dataset of School-Age Children/DATASET DYSGRAPHIA HANDWRITING/DATASET DYSGRAPHIA HANDWRITING/Low Potential Dysgraphia/LPD (113).jpg,85,1151,train
/content/dysgraphia_raw/Potential Dysgraphia Handwriting Dataset of School-Age Children/DATASET DYSGRAPHIA HANDWRITING/DATASET DYSGRAPHIA HANDWRITING/Low Potential Dysgraphia/LPD (8).jpg,Low Potential Dysgraphia,LPD (8).jpg,0,/content/dysgraphia_raw/Potential Dysgraphia Handwriting Dataset of School-Age Children/DATASET DYSGRAPHIA HANDWRITING/DATASET DYSGRAPHIA HANDWRITING/Low Potential Dysgraphia/LPD (8).jpg,99,682,val
/content/dysgraphia_raw/Potential Dysgraphia Handwriting Dataset of School-Age Children/DATASET DYSGRAPHIA HANDWRITING/DATASET DYSGRAPHIA HANDWRITING/Low Potential Dysgraphia/LPD (49).jpg,Low Potential Dysgraphia,LPD (49).jpg,0,/content/dysgraphia_raw/Potential Dysgraphia Handwriting Dataset of School-Age Children/DATASET DYSGRAPHIA HANDWRITING/DATASET DYSGRAPHIA HANDWRITING/Low Potential Dysgraphia/LPD (49).jpg,77,513,train
/content/dysgraphia_raw/Potential Dysgraphia Handwriting Dataset of School-Age Children/DATASET DYSGRAPHIA HANDWRITING/DATASET DYSGRAPHIA HANDWRITING/Low Potential Dysgraphia/LPD (55).jpg,Low Potential Dysgraphia,LPD (55).jpg,0,/content/dysgraphia_raw/Potential Dysgraphia Handwriting Dataset of School-Age Children/DATASET DYSGRAPHIA HANDWRITING/DATASET DYSGRAPHIA HANDWRITING/Low Potential Dysgraphia/LPD (55).jpg,118,1157,test
/content/dysgraphia_raw/Potential Dysgraphia Handwriting Dataset of School-Age Children/DATASET DYSGRAPHIA HANDWRITING/DATASET DYSGRAPHIA HANDWRITING/Low Potential Dysgraphia/LPD (86).jpg,Low Potential Dysgraphia,LPD (86).jpg,0,/content/dysgraphia_raw/Potential Dysgraphia Handwriting Dataset of School-Age Children/DATASET DYSGRAPHIA HANDWRITING/DATASET DYSGRAPHIA HANDWRITING/Low Potential Dysgraphia/LPD (86).jpg,160,1123,test
/content/dysgraphia_raw/Potential Dysgraphia Handwriting Dataset of School-Age Children/DATASET DYSGRAPHIA HANDWRITING/DATASET DYSGRAPHIA HANDWRITING/Low Potential Dysgraphia/LPD (66).jpg,Low Potential Dysgraphia,LPD (66).jpg,0,/content/dysgraphia_raw/Potential Dysgraphia Handwriting Dataset of School-Age Children/DATASET DYSGRAPHIA HANDWRITING/DATASET DYSGRAPHIA HANDWRITING/Low Potential Dysgraphia/LPD (66).jpg,183,1289,train
/content/dysgraphia_raw/Potential Dysgraphia Handwriting Dataset of School-Age Children/DATASET DYSGRAPHIA HANDWRITING/DATASET DYSGRAPHIA HANDWRITING/Low Potential Dysgraphia/LPD (38).jpg,Low Potential Dysgraphia,LPD (38).jpg,0,/content/dysgraphia_raw/Potential Dysgraphia Handwriting Dataset of School-Age Children/DATASET DYSGRAPHIA HANDWRITING/DATASET DYSGRAPHIA HANDWRITING/Low Potential Dysgraphia/LPD (38).jpg,83,945,test
/content/dysgraphia_raw/Potential Dysgraphia Handwriting Dataset of School-Age Children/DATASET DYSGRAPHIA HANDWRITING/DATASET DYSGRAPHIA HANDWRITING/Low Potential Dysgraphia/LPD (40).jpg,Low Potential Dysgraphia,LPD (40).jpg,0,/content/dysgraphia_raw/Potential Dysgraphia Handwriting Dataset of School-Age Children/DATASET DYSGRAPHIA HANDWRITING/DATASET DYSGRAPHIA HANDWRITING/Low Potential Dysgraphia/LPD (40).jpg,75,618,train
/content/dysgraphia_raw/Potential Dysgraphia Handwriting Dataset of School-Age Children/DATASET DYSGRAPHIA HANDWRITING/DATASET DYSGRAPHIA HANDWRITING/Low Potential Dysgraphia/LPD (91).jpg,Low Potential Dysgraphia,LPD (91).jpg,0,/content/dysgraphia_raw/Potential Dysgraphia Handwriting Dataset of School-Age Children/DATASET DYSGRAPHIA HANDWRITING/DATASET DYSGRAPHIA HANDWRITING/Low Potential Dysgraphia/LPD (91).jpg,89,760,val
/content/dysgraphia_raw/Potential Dysgraphia Handwriting Dataset of School-Age Children/DATASET DYSGRAPHIA HANDWRITING/DATASET DYSGRAPHIA HANDWRITING/Low Potential Dysgraphia/LPD (132).jpg,Low Potential Dysgraphia,LPD (132).jpg,0,/content/dysgraphia_raw/Potential Dysgraphia Handwriting Dataset of School-Age Children/DATASET DYSGRAPHIA HANDWRITING/DATASET DYSGRAPHIA HANDWRITING/Low Potential Dysgraphia/LPD (132).jpg,162,1222,train
/content/dysgraphia_raw/Potential Dysgraphia Handwriting Dataset of School-Age Children/DATASET DYSGRAPHIA HANDWRITING/DATASET DYSGRAPHIA HANDWRITING/Low Potential Dysgraphia/LPD (129).jpg,Low Potential Dysgraphia,LPD (129).jpg,0,/content/dysgraphia_raw/Potential Dysgraphia Handwriting Dataset of School-Age Children/DATASET DYSGRAPHIA HANDWRITING/DATASET DYSGRAPHIA HANDWRITING/Low Potential Dysgraphia/LPD (129).jpg,170,1005,train
/content/dysgraphia_raw/Potential Dysgraphia Handwriting Dataset of School-Age Children/DATASET DYSGRAPHIA HANDWRITING/DATASET DYSGRAPHIA HANDWRITING/Low Potential Dysgraphia/LPD (101).jpg,Low Potential Dysgraphia,LPD (101).jpg,0,/content/dysgraphia_raw/Potential Dysgraphia Handwriting Dataset of School-Age Children/DATASET DYSGRAPHIA HANDWRITING/DATASET DYSGRAPHIA HANDWRITING/Low Potential Dysgraphia/LPD (101).jpg,165,1250,train
/content/dysgraphia_raw/Potential Dysgraphia Handwriting Dataset of School-Age Children/DATASET DYSGRAPHIA HANDWRITING/DATASET DYSGRAPHIA HANDWRITING/Low Potential Dysgraphia/LPD (127).jpg,Low Potential Dysgraphia,LPD (127).jpg,0,/content/dysgraphia_raw/Potential Dysgraphia Handwriting Dataset of School-Age Children/DATASET DYSGRAPHIA HANDWRITING/DATASET DYSGRAPHIA HANDWRITING/Low Potential Dysgraphia/LPD (127).jpg,72,654,test
/content/dysgraphia_raw/Potential Dysgraphia Handwriting Dataset of School-Age Children/DATASET DYSGRAPHIA HANDWRITING/DATASET DYSGRAPHIA HANDWRITING/Low Potential Dysgraphia/LPD (114).jpg,Low Potential Dysgraphia,LPD (114).jpg,0,/content/dysgraphia_raw/Potential Dysgraphia Handwriting Dataset of School-Age Children/DATASET DYSGRAPHIA HANDWRITING/DATASET DYSGRAPHIA HANDWRITING/Low Potential Dysgraphia/LPD (114).jpg,160,1159,test
/content/dysgraphia_raw/Potential Dysgraphia Handwriting Dataset of School-Age Children/DATASET DYSGRAPHIA HANDWRITING/DATASET DYSGRAPHIA HANDWRITING/Low Potential Dysgraphia/LPD (69).jpg,Low Potential Dysgraphia,LPD (69).jpg,0,/content/dysgraphia_raw/Potential Dysgraphia Handwriting Dataset of School-Age Children/DATASET DYSGRAPHIA HANDWRITING/DATASET DYSGRAPHIA HANDWRITING/Low Potential Dysgraphia/LPD (69).jpg,251,1225,test
/content/dysgraphia_raw/Potential Dysgraphia Handwriting Dataset of School-Age Children/DATASET DYSGRAPHIA HANDWRITING/DATASET DYSGRAPHIA HANDWRITING/Low Potential Dysgraphia/LPD (81).jpg,Low Potential Dysgraphia,LPD (81).jpg,0,/content/dysgraphia_raw/Potential Dysgraphia Handwriting Dataset of School-Age Children/DATASET DYSGRAPHIA HANDWRITING/DATASET DYSGRAPHIA HANDWRITING/Low Potential Dysgraphia/LPD (81).jpg,245,1204,test
/content/dysgraphia_raw/Potential Dysgraphia Handwriting Dataset of School-Age Children/DATASET DYSGRAPHIA HANDWRITING/DATASET DYSGRAPHIA HANDWRITING/Low Potential Dysgraphia/LPD (6).jpg,Low Potential Dysgraphia,LPD (6).jpg,0,/content/dysgraphia_raw/Potential Dysgraphia Handwriting Dataset of School-Age Children/DATASET DYSGRAPHIA HANDWRITING/DATASET DYSGRAPHIA HANDWRITING/Low Potential Dysgraphia/LPD (6).jpg,146,721,train
/content/dysgraphia_raw/Potential Dysgraphia Handwriting Dataset of School-Age Children/DATASET DYSGRAPHIA HANDWRITING/DATASET DYSGRAPHIA HANDWRITING/Low Potential Dysgraphia/LPD (116).jpg,Low Potential Dysgraphia,LPD (116).jpg,0,/content/dysgraphia_raw/Potential Dysgraphia Handwriting Dataset of School-Age Children/DATASET DYSGRAPHIA HANDWRITING/DATASET DYSGRAPHIA HANDWRITING/Low Potential Dysgraphia/LPD (116).jpg,175,1258,train
/content/dysgraphia_raw/Potential Dysgraphia Handwriting Dataset of School-Age Children/DATASET DYSGRAPHIA HANDWRITING/DATASET DYSGRAPHIA HANDWRITING/Low Potential Dysgraphia/LPD (2).jpg,Low Potential Dysgraphia,LPD (2).jpg,0,/content/dysgraphia_raw/Potential Dysgraphia Handwriting Dataset of School-Age Children/DATASET DYSGRAPHIA HANDWRITING/DATASET DYSGRAPHIA HANDWRITING/Low Potential Dysgraphia/LPD (2).jpg,104,700,train
/content/dysgraphia_raw/Potential Dysgraphia Handwriting Dataset of School-Age Children/DATASET DYSGRAPHIA HANDWRITING/DATASET DYSGRAPHIA HANDWRITING/Low Potential Dysgraphia/LPD (99).jpg,Low Potential Dysgraphia,LPD (99).jpg,0,/content/dysgraphia_raw/Potential Dysgraphia Handwriting Dataset of School-Age Children/DATASET DYSGRAPHIA HANDWRITING/DATASET DYSGRAPHIA HANDWRITING/Low Potential Dysgraphia/LPD (99).jpg,354,1323,train
/content/dysgraphia_raw/Potential Dysgraphia Handwriting Dataset of School-Age Children/DATASET DYSGRAPHIA HANDWRITING/DATASET DYSGRAPHIA HANDWRITING/Low Potential Dysgraphia/LPD (30).jpg,Low Potential Dysgraphia,LPD (30).jpg,0,/content/dysgraphia_raw/Potential Dysgraphia Handwriting Dataset of School-Age Children/DATASET DYSGRAPHIA HANDWRITING/DATASET DYSGRAPHIA HANDWRITING/Low Potential Dysgraphia/LPD (30).jpg,148,1127,train
/content/dysgraphia_raw/Potential Dysgraphia Handwriting Dataset of School-Age Children/DATASET DYSGRAPHIA HANDWRITING/DATASET DYSGRAPHIA HANDWRITING/Low Potential Dysgraphia/LPD (133).jpg,Low Potential Dysgraphia,LPD (133).jpg,0,/content/dysgraphia_raw/Potential Dysgraphia Handwriting Dataset of School-Age Children/DATASET DYSGRAPHIA HANDWRITING/DATASET DYSGRAPHIA HANDWRITING/Low Potential Dysgraphia/LPD (133).jpg,118,804,val
/content/dysgraphia_raw/Potential Dysgraphia Handwriting Dataset of School-Age Children/DATASET DYSGRAPHIA HANDWRITING/DATASET DYSGRAPHIA HANDWRITING/Low Potential Dysgraphia/LPD (9).jpg,Low Potential Dysgraphia,LPD (9).jpg,0,/content/dysgraphia_raw/Potential Dysgraphia Handwriting Dataset of School-Age Children/DATASET DYSGRAPHIA HANDWRITING/DATASET DYSGRAPHIA HANDWRITING/Low Potential Dysgraphia/LPD (9).jpg,145,665,train
/content/dysgraphia_raw/Potential Dysgraphia Handwriting Dataset of School-Age Children/DATASET DYSGRAPHIA HANDWRITING/DATASET DYSGRAPHIA HANDWRITING/Low Potential Dysgraphia/LPD (1).jpg,Low Potential Dysgraphia,LPD (1).jpg,0,/content/dysgraphia_raw/Potential Dysgraphia Handwriting Dataset of School-Age Children/DATASET DYSGRAPHIA HANDWRITING/DATASET DYSGRAPHIA HANDWRITING/Low Potential Dysgraphia/LPD (1).jpg,55,506,test
/content/dysgraphia_raw/Potential Dysgraphia Handwriting Dataset of School-Age Children/DATASET DYSGRAPHIA HANDWRITING/DATASET DYSGRAPHIA HANDWRITING/Low Potential Dysgraphia/LPD (124).jpg,Low Potential Dysgraphia,LPD (124).jpg,0,/content/dysgraphia_raw/Potential Dysgraphia Handwriting Dataset of School-Age Children/DATASET DYSGRAPHIA HANDWRITING/DATASET DYSGRAPHIA HANDWRITING/Low Potential Dysgraphia/LPD (124).jpg,88,904,train
/content/dysgraphia_raw/Potential Dysgraphia Handwriting Dataset of School-Age Children/DATASET DYSGRAPHIA HANDWRITING/DATASET DYSGRAPHIA HANDWRITING/Low Potential Dysgraphia/LPD (42).jpg,Low Potential Dysgraphia,LPD (42).jpg,0,/content/dysgraphia_raw/Potential Dysgraphia Handwriting Dataset of School-Age Children/DATASET DYSGRAPHIA HANDWRITING/DATASET DYSGRAPHIA HANDWRITING/Low Potential Dysgraphia/LPD (42).jpg,156,1264,train
/content/dysgraphia_raw/Potential Dysgraphia Handwriting Dataset of School-Age Children/DATASET DYSGRAPHIA HANDWRITING/DATASET DYSGRAPHIA HANDWRITING/Low Potential Dysgraphia/LPD (76).jpg,Low Potential Dysgraphia,LPD (76).jpg,0,/content/dysgraphia_raw/Potential Dysgraphia Handwriting Dataset of School-Age Children/DATASET DYSGRAPHIA HANDWRITING/DATASET DYSGRAPHIA HANDWRITING/Low Potential Dysgraphia/LPD (76).jpg,95,671,train
/content/dysgraphia_raw/Potential Dysgraphia Handwriting Dataset of School-Age Children/DATASET DYSGRAPHIA HANDWRITING/DATASET DYSGRAPHIA HANDWRITING/Low Potential Dysgraphia/LPD (4).jpg,Low Potential Dysgraphia,LPD (4).jpg,0,/content/dysgraphia_raw/Potential Dysgraphia Handwriting Dataset of School-Age Children/DATASET DYSGRAPHIA HANDWRITING/DATASET DYSGRAPHIA HANDWRITING/Low Potential Dysgraphia/LPD (4).jpg,62,481,val
/content/dysgraphia_raw/Potential Dysgraphia Handwriting Dataset of School-Age Children/DATASET DYSGRAPHIA HANDWRITING/DATASET DYSGRAPHIA HANDWRITING/Low Potential Dysgraphia/LPD (31).jpg,Low Potential Dysgraphia,LPD (31).jpg,0,/content/dysgraphia_raw/Potential Dysgraphia Handwriting Dataset of School-Age Children/DATASET DYSGRAPHIA HANDWRITING/DATASET DYSGRAPHIA HANDWRITING/Low Potential Dysgraphia/LPD (31).jpg,99,665,test
/content/dysgraphia_raw/Potential Dysgraphia Handwriting Dataset of School-Age Children/DATASET DYSGRAPHIA HANDWRITING/DATASET DYSGRAPHIA HANDWRITING/Low Potential Dysgraphia/LPD (82).jpg,Low Potential Dysgraphia,LPD (82).jpg,0,/content/dysgraphia_raw/Potential Dysgraphia Handwriting Dataset of School-Age Children/DATASET DYSGRAPHIA HANDWRITING/DATASET DYSGRAPHIA HANDWRITING/Low Potential Dysgraphia/LPD (82).jpg,82,728,train
/content/dysgraphia_raw/Potential Dysgraphia Handwriting Dataset of School-Age Children/DATASET DYSGRAPHIA HANDWRITING/DATASET DYSGRAPHIA HANDWRITING/Low Potential Dysgraphia/LPD (27).jpg,Low Potential Dysgraphia,LPD (27).jpg,0,/content/dysgraphia_raw/Potential Dysgraphia Handwriting Dataset of School-Age Children/DATASET DYSGRAPHIA HANDWRITING/DATASET DYSGRAPHIA HANDWRITING/Low Potential Dysgraphia/LPD (27).jpg,263,1256,train
/content/dysgraphia_raw/Potential Dysgraphia Handwriting Dataset of School-Age Children/DATASET DYSGRAPHIA HANDWRITING/DATASET DYSGRAPHIA HANDWRITING/Low Potential Dysgraphia/LPD (20).jpg,Low Potential Dysgraphia,LPD (20).jpg,0,/content/dysgraphia_raw/Potential Dysgraphia Handwriting Dataset of School-Age Children/DATASET DYSGRAPHIA HANDWRITING/DATASET DYSGRAPHIA HANDWRITING/Low Potential Dysgraphia/LPD (20).jpg,181,1171,train
/content/dysgraphia_raw/Potential Dysgraphia Handwriting Dataset of School-Age Children/DATASET DYSGRAPHIA HANDWRITING/DATASET DYSGRAPHIA HANDWRITING/Low Potential Dysgraphia/LPD (17).jpg,Low Potential Dysgraphia,LPD (17).jpg,0,/content/dysgraphia_raw/Potential Dysgraphia Handwriting Dataset of School-Age Children/DATASET DYSGRAPHIA HANDWRITING/DATASET DYSGRAPHIA HANDWRITING/Low Potential Dysgraphia/LPD (17).jpg,189,1067,val
/content/dysgraphia_raw/Potential Dysgraphia Handwriting Dataset of School-Age Children/DATASET DYSGRAPHIA HANDWRITING/DATASET DYSGRAPHIA HANDWRITING/Low Potential Dysgraphia/LPD (84).jpg,Low Potential Dysgraphia,LPD (84).jpg,0,/content/dysgraphia_raw/Potential Dysgraphia Handwriting Dataset of School-Age Children/DATASET DYSGRAPHIA HANDWRITING/DATASET DYSGRAPHIA HANDWRITING/Low Potential Dysgraphia/LPD (84).jpg,240,1263,train
/content/dysgraphia_raw/Potential Dysgraphia Handwriting Dataset of School-Age Children/DATASET DYSGRAPHIA HANDWRITING/DATASET DYSGRAPHIA HANDWRITING/Low Potential Dysgraphia/LPD (67).jpg,Low Potential Dysgraphia,LPD (67).jpg,0,/content/dysgraphia_raw/Potential Dysgraphia Handwriting Dataset of School-Age Children/DATASET DYSGRAPHIA HANDWRITING/DATASET DYSGRAPHIA HANDWRITING/Low Potential Dysgraphia/LPD (67).jpg,87,697,train
/content/dysgraphia_raw/Potential Dysgraphia Handwriting Dataset of School-Age Children/DATASET DYSGRAPHIA HANDWRITING/DATASET DYSGRAPHIA HANDWRITING/Low Potential Dysgraphia/LPD (37).jpg,Low Potential Dysgraphia,LPD (37).jpg,0,/content/dysgraphia_raw/Potential Dysgraphia Handwriting Dataset of School-Age Children/DATASET DYSGRAPHIA HANDWRITING/DATASET DYSGRAPHIA HANDWRITING/Low Potential Dysgraphia/LPD (37).jpg,90,458,train
/content/dysgraphia_raw/Potential Dysgraphia Handwriting Dataset of School-Age Children/DATASET DYSGRAPHIA HANDWRITING/DATASET DYSGRAPHIA HANDWRITING/Low Potential Dysgraphia/LPD (51).jpg,Low Potential Dysgraphia,LPD (51).jpg,0,/content/dysgraphia_raw/Potential Dysgraphia Handwriting Dataset of School-Age Children/DATASET DYSGRAPHIA HANDWRITING/DATASET DYSGRAPHIA HANDWRITING/Low Potential Dysgraphia/LPD (51).jpg,161,1212,val
/content/dysgraphia_raw/Potential Dysgraphia Handwriting Dataset of School-Age Children/DATASET DYSGRAPHIA HANDWRITING/DATASET DYSGRAPHIA HANDWRITING/Low Potential Dysgraphia/LPD (58).jpg,Low Potential Dysgraphia,LPD (58).jpg,0,/content/dysgraphia_raw/Potential Dysgraphia Handwriting Dataset of School-Age Children/DATASET DYSGRAPHIA HANDWRITING/DATASET DYSGRAPHIA HANDWRITING/Low Potential Dysgraphia/LPD (58).jpg,72,578,train
/content/dysgraphia_raw/Potential Dysgraphia Handwriting Dataset of School-Age Children/DATASET DYSGRAPHIA HANDWRITING/DATASET DYSGRAPHIA HANDWRITING/Low Potential Dysgraphia/LPD (22).jpg,Low Potential Dysgraphia,LPD (22).jpg,0,/content/dysgraphia_raw/Potential Dysgraphia Handwriting Dataset of School-Age Children/DATASET DYSGRAPHIA HANDWRITING/DATASET DYSGRAPHIA HANDWRITING/Low Potential Dysgraphia/LPD (22).jpg,142,583,test
/content/dysgraphia_raw/Potential Dysgraphia Handwriting Dataset of School-Age Children/DATASET DYSGRAPHIA HANDWRITING/DATASET DYSGRAPHIA HANDWRITING/Low Potential Dysgraphia/LPD (80).jpg,Low Potential Dysgraphia,LPD (80).jpg,0,/content/dysgraphia_raw/Potential Dysgraphia Handwriting Dataset of School-Age Children/DATASET DYSGRAPHIA HANDWRITING/DATASET DYSGRAPHIA HANDWRITING/Low Potential Dysgraphia/LPD (80).jpg,173,1263,train
/content/dysgraphia_raw/Potential Dysgraphia Handwriting Dataset of School-Age Children/DATASET DYSGRAPHIA HANDWRITING/DATASET DYSGRAPHIA HANDWRITING/Low Potential Dysgraphia/LPD (92).jpg,Low Potential Dysgraphia,LPD (92).jpg,0,/content/dysgraphia_raw/Potential Dysgraphia Handwriting Dataset of School-Age Children/DATASET DYSGRAPHIA HANDWRITING/DATASET DYSGRAPHIA HANDWRITING/Low Potential Dysgraphia/LPD (92).jpg,178,1258,train
/content/dysgraphia_raw/Potential Dysgraphia Handwriting Dataset of School-Age Children/DATASET DYSGRAPHIA HANDWRITING/DATASET DYSGRAPHIA HANDWRITING/Low Potential Dysgraphia/LPD (52).jpg,Low Potential Dysgraphia,LPD (52).jpg,0,/content/dysgraphia_raw/Potential Dysgraphia Handwriting Dataset of School-Age Children/DATASET DYSGRAPHIA HANDWRITING/DATASET DYSGRAPHIA HANDWRITING/Low Potential Dysgraphia/LPD (52).jpg,90,762,train
/content/dysgraphia_raw/Potential Dysgraphia Handwriting Dataset of School-Age Children/DATASET DYSGRAPHIA HANDWRITING/DATASET DYSGRAPHIA HANDWRITING/Low Potential Dysgraphia/LPD (72).jpg,Low Potential Dysgraphia,LPD (72).jpg,0,/content/dysgraphia_raw/Potential Dysgraphia Handwriting Dataset of School-Age Children/DATASET DYSGRAPHIA HANDWRITING/DATASET DYSGRAPHIA HANDWRITING/Low Potential Dysgraphia/LPD (72).jpg,227,1243,train
/content/dysgraphia_raw/Potential Dysgraphia Handwriting Dataset of School-Age Children/DATASET DYSGRAPHIA HANDWRITING/DATASET DYSGRAPHIA HANDWRITING/Low Potential Dysgraphia/LPD (135).jpg,Low Potential Dysgraphia,LPD (135).jpg,0,/content/dysgraphia_raw/Potential Dysgraphia Handwriting Dataset of School-Age Children/DATASET DYSGRAPHIA HANDWRITING/DATASET DYSGRAPHIA HANDWRITING/Low Potential Dysgraphia/LPD (135).jpg,330,1367,train
/content/dysgraphia_raw/Potential Dysgraphia Handwriting Dataset of School-Age Children/DATASET DYSGRAPHIA HANDWRITING/DATASET DYSGRAPHIA HANDWRITING/Low Potential Dysgraphia/LPD (16).jpg,Low Potential Dysgraphia,LPD (16).jpg,0,/content/dysgraphia_raw/Potential Dysgraphia Handwriting Dataset of School-Age Children/DATASET DYSGRAPHIA HANDWRITING/DATASET DYSGRAPHIA HANDWRITING/Low Potential Dysgraphia/LPD (16).jpg,112,731,test
/content/dysgraphia_raw/Potential Dysgraphia Handwriting Dataset of School-Age Children/DATASET DYSGRAPHIA HANDWRITING/DATASET DYSGRAPHIA HANDWRITING/Low Potential Dysgraphia/LPD (94).jpg,Low Potential Dysgraphia,LPD (94).jpg,0,/content/dysgraphia_raw/Potential Dysgraphia Handwriting Dataset of School-Age Children/DATASET DYSGRAPHIA HANDWRITING/DATASET DYSGRAPHIA HANDWRITING/Low Potential Dysgraphia/LPD (94).jpg,105,981,train
/content/dysgraphia_raw/Potential Dysgraphia Handwriting Dataset of School-Age Children/DATASET DYSGRAPHIA HANDWRITING/DATASET DYSGRAPHIA HANDWRITING/Low Potential Dysgraphia/LPD (50).jpg,Low Potential Dysgraphia,LPD (50).jpg,0,/content/dysgraphia_raw/Potential Dysgraphia Handwriting Dataset of School-Age Children/DATASET DYSGRAPHIA HANDWRITING/DATASET DYSGRAPHIA HANDWRITING/Low Potential Dysgraphia/LPD (50).jpg,82,1111,test
/content/dysgraphia_raw/Potential Dysgraphia Handwriting Dataset of School-Age Children/DATASET DYSGRAPHIA HANDWRITING/DATASET DYSGRAPHIA HANDWRITING/Low Potential Dysgraphia/LPD (46).jpg,Low Potential Dysgraphia,LPD (46).jpg,0,/content/dysgraphia_raw/Potential Dysgraphia Handwriting Dataset of School-Age Children/DATASET DYSGRAPHIA HANDWRITING/DATASET DYSGRAPHIA HANDWRITING/Low Potential Dysgraphia/LPD (46).jpg,90,858,train
/content/dysgraphia_raw/Potential Dysgraphia Handwriting Dataset of School-Age Children/DATASET DYSGRAPHIA HANDWRITING/DATASET DYSGRAPHIA HANDWRITING/Low Potential Dysgraphia/LPD (57).jpg,Low Potential Dysgraphia,LPD (57).jpg,0,/content/dysgraphia_raw/Potential Dysgraphia Handwriting Dataset of School-Age Children/DATASET DYSGRAPHIA HANDWRITING/DATASET DYSGRAPHIA HANDWRITING/Low Potential Dysgraphia/LPD (57).jpg,349,1266,val
/content/dysgraphia_raw/Potential Dysgraphia Handwriting Dataset of School-Age Children/DATASET DYSGRAPHIA HANDWRITING/DATASET DYSGRAPHIA HANDWRITING/Low Potential Dysgraphia/LPD (56).jpg,Low Potential Dysgraphia,LPD (56).jpg,0,/content/dysgraphia_raw/Potential Dysgraphia Handwriting Dataset of School-Age Children/DATASET DYSGRAPHIA HANDWRITING/DATASET DYSGRAPHIA HANDWRITING/Low Potential Dysgraphia/LPD (56).jpg,200,1069,train
/content/dysgraphia_raw/Potential Dysgraphia Handwriting Dataset of School-Age Children/DATASET DYSGRAPHIA HANDWRITING/DATASET DYSGRAPHIA HANDWRITING/Low Potential Dysgraphia/LPD (78).jpg,Low Potential Dysgraphia,LPD (78).jpg,0,/content/dysgraphia_raw/Potential Dysgraphia Handwriting Dataset of School-Age Children/DATASET DYSGRAPHIA HANDWRITING/DATASET DYSGRAPHIA HANDWRITING/Low Potential Dysgraphia/LPD (78).jpg,169,1377,test
/content/dysgraphia_raw/Potential Dysgraphia Handwriting Dataset of School-Age Children/DATASET DYSGRAPHIA HANDWRITING/DATASET DYSGRAPHIA HANDWRITING/Low Potential Dysgraphia/LPD (73).jpg,Low Potential Dysgraphia,LPD (73).jpg,0,/content/dysgraphia_raw/Potential Dysgraphia Handwriting Dataset of School-Age Children/DATASET DYSGRAPHIA HANDWRITING/DATASET DYSGRAPHIA HANDWRITING/Low Potential Dysgraphia/LPD (73).jpg,92,725,val
/content/dysgraphia_raw/Potential Dysgraphia Handwriting Dataset of School-Age Children/DATASET DYSGRAPHIA HANDWRITING/DATASET DYSGRAPHIA HANDWRITING/Low Potential Dysgraphia/LPD (43).jpg,Low Potential Dysgraphia,LPD (43).jpg,0,/content/dysgraphia_raw/Potential Dysgraphia Handwriting Dataset of School-Age Children/DATASET DYSGRAPHIA HANDWRITING/DATASET DYSGRAPHIA HANDWRITING/Low Potential Dysgraphia/LPD (43).jpg,94,820,train
/content/dysgraphia_raw/Potential Dysgraphia Handwriting Dataset of School-Age Children/DATASET DYSGRAPHIA HANDWRITING/DATASET DYSGRAPHIA HANDWRITING/Low Potential Dysgraphia/LPD (11).jpg,Low Potential Dysgraphia,LPD (11).jpg,0,/content/dysgraphia_raw/Potential Dysgraphia Handwriting Dataset of School-Age Children/DATASET DYSGRAPHIA HANDWRITING/DATASET DYSGRAPHIA HANDWRITING/Low Potential Dysgraphia/LPD (11).jpg,100,676,train
/content/dysgraphia_raw/Potential Dysgraphia Handwriting Dataset of School-Age Children/DATASET DYSGRAPHIA HANDWRITING/DATASET DYSGRAPHIA HANDWRITING/Low Potential Dysgraphia/LPD (123).jpg,Low Potential Dysgraphia,LPD (123).jpg,0,/content/dysgraphia_raw/Potential Dysgraphia Handwriting Dataset of School-Age Children/DATASET DYSGRAPHIA HANDWRITING/DATASET DYSGRAPHIA HANDWRITING/Low Potential Dysgraphia/LPD (123).jpg,235,1320,train
/content/dysgraphia_raw/Potential Dysgraphia Handwriting Dataset of School-Age Children/DATASET DYSGRAPHIA HANDWRITING/DATASET DYSGRAPHIA HANDWRITING/Low Potential Dysgraphia/LPD (88).jpg,Low Potential Dysgraphia,LPD (88).jpg,0,/content/dysgraphia_raw/Potential Dysgraphia Handwriting Dataset of School-Age Children/DATASET DYSGRAPHIA HANDWRITING/DATASET DYSGRAPHIA HANDWRITING/Low Potential Dysgraphia/LPD (88).jpg,102,1053,train
/content/dysgraphia_raw/Potential Dysgraphia Handwriting Dataset of School-Age Children/DATASET DYSGRAPHIA HANDWRITING/DATASET DYSGRAPHIA HANDWRITING/Low Potential Dysgraphia/LPD (119).jpg,Low Potential Dysgraphia,LPD (119).jpg,0,/content/dysgraphia_raw/Potential Dysgraphia Handwriting Dataset of School-Age Children/DATASET DYSGRAPHIA HANDWRITING/DATASET DYSGRAPHIA HANDWRITING/Low Potential Dysgraphia/LPD (119).jpg,157,1268,train
/content/dysgraphia_raw/Potential Dysgraphia Handwriting Dataset of School-Age Children/DATASET DYSGRAPHIA HANDWRITING/DATASET DYSGRAPHIA HANDWRITING/Low Potential Dysgraphia/LPD (128).jpg,Low Potential Dysgraphia,LPD (128).jpg,0,/content/dysgraphia_raw/Potential Dysgraphia Handwriting Dataset of School-Age Children/DATASET DYSGRAPHIA HANDWRITING/DATASET DYSGRAPHIA HANDWRITING/Low Potential Dysgraphia/LPD (128).jpg,86,717,val
/content/dysgraphia_raw/Potential Dysgraphia Handwriting Dataset of School-Age Children/DATASET DYSGRAPHIA HANDWRITING/DATASET DYSGRAPHIA HANDWRITING/Low Potential Dysgraphia/LPD (41).jpg,Low Potential Dysgraphia,LPD (41).jpg,0,/content/dysgraphia_raw/Potential Dysgraphia Handwriting Dataset of School-Age Children/DATASET DYSGRAPHIA HANDWRITING/DATASET DYSGRAPHIA HANDWRITING/Low Potential Dysgraphia/LPD (41).jpg,151,1239,test
/content/dysgraphia_raw/Potential Dysgraphia Handwriting Dataset of School-Age Children/DATASET DYSGRAPHIA HANDWRITING/DATASET DYSGRAPHIA HANDWRITING/Low Potential Dysgraphia/LPD (7).jpg,Low Potential Dysgraphia,LPD (7).jpg,0,/content/dysgraphia_raw/Potential Dysgraphia Handwriting Dataset of School-Age Children/DATASET DYSGRAPHIA HANDWRITING/DATASET DYSGRAPHIA HANDWRITING/Low Potential Dysgraphia/LPD (7).jpg,62,495,train
/content/dysgraphia_raw/Potential Dysgraphia Handwriting Dataset of School-Age Children/DATASET DYSGRAPHIA HANDWRITING/DATASET DYSGRAPHIA HANDWRITING/Low Potential Dysgraphia/LPD (10).jpg,Low Potential Dysgraphia,LPD (10).jpg,0,/content/dysgraphia_raw/Potential Dysgraphia Handwriting Dataset of School-Age Children/DATASET DYSGRAPHIA HANDWRITING/DATASET DYSGRAPHIA HANDWRITING/Low Potential Dysgraphia/LPD (10).jpg,59,396,val
/content/dysgraphia_raw/Potential Dysgraphia Handwriting Dataset of School-Age Children/DATASET DYSGRAPHIA HANDWRITING/DATASET DYSGRAPHIA HANDWRITING/Low Potential Dysgraphia/LPD (112).jpg,Low Potential Dysgraphia,LPD (112).jpg,0,/content/dysgraphia_raw/Potential Dysgraphia Handwriting Dataset of School-Age Children/DATASET DYSGRAPHIA HANDWRITING/DATASET DYSGRAPHIA HANDWRITING/Low Potential Dysgraphia/LPD (112).jpg,82,538,train
/content/dysgraphia_raw/Potential Dysgraphia Handwriting Dataset of School-Age Children/DATASET DYSGRAPHIA HANDWRITING/DATASET DYSGRAPHIA HANDWRITING/Low Potential Dysgraphia/LPD (65).jpg,Low Potential Dysgraphia,LPD (65).jpg,0,/content/dysgraphia_raw/Potential Dysgraphia Handwriting Dataset of School-Age Children/DATASET DYSGRAPHIA HANDWRITING/DATASET DYSGRAPHIA HANDWRITING/Low Potential Dysgraphia/LPD (65).jpg,172,1237,train
/content/dysgraphia_raw/Potential Dysgraphia Handwriting Dataset of School-Age Children/DATASET DYSGRAPHIA HANDWRITING/DATASET DYSGRAPHIA HANDWRITING/Low Potential Dysgraphia/LPD (28).jpg,Low Potential Dysgraphia,LPD (28).jpg,0,/content/dysgraphia_raw/Potential Dysgraphia Handwriting Dataset of School-Age Children/DATASET DYSGRAPHIA HANDWRITING/DATASET DYSGRAPHIA HANDWRITING/Low Potential Dysgraphia/LPD (28).jpg,71,545,test
/content/dysgraphia_raw/Potential Dysgraphia Handwriting Dataset of School-Age Children/DATASET DYSGRAPHIA HANDWRITING/DATASET DYSGRAPHIA HANDWRITING/Low Potential Dysgraphia/LPD (117).jpg,Low Potential Dysgraphia,LPD (117).jpg,0,/content/dysgraphia_raw/Potential Dysgraphia Handwriting Dataset of School-Age Children/DATASET DYSGRAPHIA HANDWRITING/DATASET DYSGRAPHIA HANDWRITING/Low Potential Dysgraphia/LPD (117).jpg,191,1297,test
/content/dysgraphia_raw/Potential Dysgraphia Handwriting Dataset of School-Age Children/DATASET DYSGRAPHIA HANDWRITING/DATASET DYSGRAPHIA HANDWRITING/Low Potential Dysgraphia/LPD (53).jpg,Low Potential Dysgraphia,LPD (53).jpg,0,/content/dysgraphia_raw/Potential Dysgraphia Handwriting Dataset of School-Age Children/DATASET DYSGRAPHIA HANDWRITING/DATASET DYSGRAPHIA HANDWRITING/Low Potential Dysgraphia/LPD (53).jpg,102,1238,train
/content/dysgraphia_raw/Potential Dysgraphia Handwriting Dataset of School-Age Children/DATASET DYSGRAPHIA HANDWRITING/DATASET DYSGRAPHIA HANDWRITING/Low Potential Dysgraphia/LPD (96).jpg,Low Potential Dysgraphia,LPD (96).jpg,0,/content/dysgraphia_raw/Potential Dysgraphia Handwriting Dataset of School-Age Children/DATASET DYSGRAPHIA HANDWRITING/DATASET DYSGRAPHIA HANDWRITING/Low Potential Dysgraphia/LPD (96).jpg,263,1268,val
/content/dysgraphia_raw/Potential Dysgraphia Handwriting Dataset of School-Age Children/DATASET DYSGRAPHIA HANDWRITING/DATASET DYSGRAPHIA HANDWRITING/Low Potential Dysgraphia/LPD (130).jpg,Low Potential Dysgraphia,LPD (130).jpg,0,/content/dysgraphia_raw/Potential Dysgraphia Handwriting Dataset of School-Age Children/DATASET DYSGRAPHIA HANDWRITING/DATASET DYSGRAPHIA HANDWRITING/Low Potential Dysgraphia/LPD (130).jpg,69,638,train
/content/dysgraphia_raw/Potential Dysgraphia Handwriting Dataset of School-Age Children/DATASET DYSGRAPHIA HANDWRITING/DATASET DYSGRAPHIA HANDWRITING/Low Potential Dysgraphia/LPD (120).jpg,Low Potential Dysgraphia,LPD (120).jpg,0,/content/dysgraphia_raw/Potential Dysgraphia Handwriting Dataset of School-Age Children/DATASET DYSGRAPHIA HANDWRITING/DATASET DYSGRAPHIA HANDWRITING/Low Potential Dysgraphia/LPD (120).jpg,243,1281,train
/content/dysgraphia_raw/Potential Dysgraphia Handwriting Dataset of School-Age Children/DATASET DYSGRAPHIA HANDWRITING/DATASET DYSGRAPHIA HANDWRITING/Low Potential Dysgraphia/LPD (109).jpg,Low Potential Dysgraphia,LPD (109).jpg,0,/content/dysgraphia_raw/Potential Dysgraphia Handwriting Dataset of School-Age Children/DATASET DYSGRAPHIA HANDWRITING/DATASET DYSGRAPHIA HANDWRITING/Low Potential Dysgraphia/LPD (109).jpg,102,681,test
/content/dysgraphia_raw/Potential Dysgraphia Handwriting Dataset of School-Age Children/DATASET DYSGRAPHIA HANDWRITING/DATASET DYSGRAPHIA HANDWRITING/Low Potential Dysgraphia/LPD (23).jpg,Low Potential Dysgraphia,LPD (23).jpg,0,/content/dysgraphia_raw/Potential Dysgraphia Handwriting Dataset of School-Age Children/DATASET DYSGRAPHIA HANDWRITING/DATASET DYSGRAPHIA HANDWRITING/Low Potential Dysgraphia/LPD (23).jpg,197,1264,val
/content/dysgraphia_raw/Potential Dysgraphia Handwriting Dataset of School-Age Children/DATASET DYSGRAPHIA HANDWRITING/DATASET DYSGRAPHIA HANDWRITING/Low Potential Dysgraphia/LPD (5).jpg,Low Potential Dysgraphia,LPD (5).jpg,0,/content/dysgraphia_raw/Potential Dysgraphia Handwriting Dataset of School-Age Children/DATASET DYSGRAPHIA HANDWRITING/DATASET DYSGRAPHIA HANDWRITING/Low Potential Dysgraphia/LPD (5).jpg,102,702,train
/content/dysgraphia_raw/Potential Dysgraphia Handwriting Dataset of School-Age Children/DATASET DYSGRAPHIA HANDWRITING/DATASET DYSGRAPHIA HANDWRITING/Low Potential Dysgraphia/LPD (83).jpg,Low Potential Dysgraphia,LPD (83).jpg,0,/content/dysgraphia_raw/Potential Dysgraphia Handwriting Dataset of School-Age Children/DATASET DYSGRAPHIA HANDWRITING/DATASET DYSGRAPHIA HANDWRITING/Low Potential Dysgraphia/LPD (83).jpg,162,1251,train
/content/dysgraphia_raw/Potential Dysgraphia Handwriting Dataset of School-Age Children/DATASET DYSGRAPHIA HANDWRITING/DATASET DYSGRAPHIA HANDWRITING/Low Potential Dysgraphia/LPD (93).jpg,Low Potential Dysgraphia,LPD (93).jpg,0,/content/dysgraphia_raw/Potential Dysgraphia Handwriting Dataset of School-Age Children/DATASET DYSGRAPHIA HANDWRITING/DATASET DYSGRAPHIA HANDWRITING/Low Potential Dysgraphia/LPD (93).jpg,253,1247,train
/content/dysgraphia_raw/Potential Dysgraphia Handwriting Dataset of School-Age Children/DATASET DYSGRAPHIA HANDWRITING/DATASET DYSGRAPHIA HANDWRITING/Low Potential Dysgraphia/LPD (126).jpg,Low Potential Dysgraphia,LPD (126).jpg,0,/content/dysgraphia_raw/Potential Dysgraphia Handwriting Dataset of School-Age Children/DATASET DYSGRAPHIA HANDWRITING/DATASET DYSGRAPHIA HANDWRITING/Low Potential Dysgraphia/LPD (126).jpg,252,1321,train
/content/dysgraphia_raw/Potential Dysgraphia Handwriting Dataset of School-Age Children/DATASET DYSGRAPHIA HANDWRITING/DATASET DYSGRAPHIA HANDWRITING/Low Potential Dysgraphia/LPD (77).jpg,Low Potential Dysgraphia,LPD (77).jpg,0,/content/dysgraphia_raw/Potential Dysgraphia Handwriting Dataset of School-Age Children/DATASET DYSGRAPHIA HANDWRITING/DATASET DYSGRAPHIA HANDWRITING/Low Potential Dysgraphia/LPD (77).jpg,160,1282,train
/content/dysgraphia_raw/Potential Dysgraphia Handwriting Dataset of School-Age Children/DATASET DYSGRAPHIA HANDWRITING/DATASET DYSGRAPHIA HANDWRITING/Low Potential Dysgraphia/LPD (110).jpg,Low Potential Dysgraphia,LPD (110).jpg,0,/content/dysgraphia_raw/Potential Dysgraphia Handwriting Dataset of School-Age Children/DATASET DYSGRAPHIA HANDWRITING/DATASET DYSGRAPHIA HANDWRITING/Low Potential Dysgraphia/LPD (110).jpg,167,1250,val
/content/dysgraphia_raw/Potential Dysgraphia Handwriting Dataset of School-Age Children/DATASET DYSGRAPHIA HANDWRITING/DATASET DYSGRAPHIA HANDWRITING/Low Potential Dysgraphia/LPD (97).jpg,Low Potential Dysgraphia,LPD (97).jpg,0,/content/dysgraphia_raw/Potential Dysgraphia Handwriting Dataset of School-Age Children/DATASET DYSGRAPHIA HANDWRITING/DATASET DYSGRAPHIA HANDWRITING/Low Potential Dysgraphia/LPD (97).jpg,123,1027,test
/content/dysgraphia_raw/Potential Dysgraphia Handwriting Dataset of School-Age Children/DATASET DYSGRAPHIA HANDWRITING/DATASET DYSGRAPHIA HANDWRITING/Low Potential Dysgraphia/LPD (105).jpg,Low Potential Dysgraphia,LPD (105).jpg,0,/content/dysgraphia_raw/Potential Dysgraphia Handwriting Dataset of School-Age Children/DATASET DYSGRAPHIA HANDWRITING/DATASET DYSGRAPHIA HANDWRITING/Low Potential Dysgraphia/LPD (105).jpg,251,1305,train
/content/dysgraphia_raw/Potential Dysgraphia Handwriting Dataset of School-Age Children/DATASET DYSGRAPHIA HANDWRITING/DATASET DYSGRAPHIA HANDWRITING/Low Potential Dysgraphia/LPD (122).jpg,Low Potential Dysgraphia,LPD (122).jpg,0,/content/dysgraphia_raw/Potential Dysgraphia Handwriting Dataset of School-Age Children/DATASET DYSGRAPHIA HANDWRITING/DATASET DYSGRAPHIA HANDWRITING/Low Potential Dysgraphia/LPD (122).jpg,154,1255,val
/content/dysgraphia_raw/Potential Dysgraphia Handwriting Dataset of School-Age Children/DATASET DYSGRAPHIA HANDWRITING/DATASET DYSGRAPHIA HANDWRITING/Low Potential Dysgraphia/LPD (32).jpg,Low Potential Dysgraphia,LPD (32).jpg,0,/content/dysgraphia_raw/Potential Dysgraphia Handwriting Dataset of School-Age Children/DATASET DYSGRAPHIA HANDWRITING/DATASET DYSGRAPHIA HANDWRITING/Low Potential Dysgraphia/LPD (32).jpg,172,1177,train
/content/dysgraphia_raw/Potential Dysgraphia Handwriting Dataset of School-Age Children/DATASET DYSGRAPHIA HANDWRITING/DATASET DYSGRAPHIA HANDWRITING/Low Potential Dysgraphia/LPD (90).jpg,Low Potential Dysgraphia,LPD (90).jpg,0,/content/dysgraphia_raw/Potential Dysgraphia Handwriting Dataset of School-Age Children/DATASET DYSGRAPHIA HANDWRITING/DATASET DYSGRAPHIA HANDWRITING/Low Potential Dysgraphia/LPD (90).jpg,342,1263,test
/content/dysgraphia_raw/Potential Dysgraphia Handwriting Dataset of School-Age Children/DATASET DYSGRAPHIA HANDWRITING/DATASET DYSGRAPHIA HANDWRITING/Low Potential Dysgraphia/LPD (107).jpg,Low Potential Dysgraphia,LPD (107).jpg,0,/content/dysgraphia_raw/Potential Dysgraphia Handwriting Dataset of School-Age Children/DATASET DYSGRAPHIA HANDWRITING/DATASET DYSGRAPHIA HANDWRITING/Low Potential Dysgraphia/LPD (107).jpg,173,1154,train
/content/dysgraphia_raw/Potential Dysgraphia Handwriting Dataset of School-Age Children/DATASET DYSGRAPHIA HANDWRITING/DATASET DYSGRAPHIA HANDWRITING/Low Potential Dysgraphia/LPD (3).jpg,Low Potential Dysgraphia,LPD (3).jpg,0,/content/dysgraphia_raw/Potential Dysgraphia Handwriting Dataset of School-Age Children/DATASET DYSGRAPHIA HANDWRITING/DATASET DYSGRAPHIA HANDWRITING/Low Potential Dysgraphia/LPD (3).jpg,131,686,train
/content/dysgraphia_raw/Potential Dysgraphia Handwriting Dataset of School-Age Children/DATASET DYSGRAPHIA HANDWRITING/DATASET DYSGRAPHIA HANDWRITING/Low Potential Dysgraphia/LPD (134).jpg,Low Potential Dysgraphia,LPD (134).jpg,0,/content/dysgraphia_raw/Potential Dysgraphia Handwriting Dataset of School-Age Children/DATASET DYSGRAPHIA HANDWRITING/DATASET DYSGRAPHIA HANDWRITING/Low Potential Dysgraphia/LPD (134).jpg,188,1144,train
/content/dysgraphia_raw/Potential Dysgraphia Handwriting Dataset of School-Age Children/DATASET DYSGRAPHIA HANDWRITING/DATASET DYSGRAPHIA HANDWRITING/Low Potential Dysgraphia/LPD (87).jpg,Low Potential Dysgraphia,LPD (87).jpg,0,/content/dysgraphia_raw/Potential Dysgraphia Handwriting Dataset of School-Age Children/DATASET DYSGRAPHIA HANDWRITING/DATASET DYSGRAPHIA HANDWRITING/Low Potential Dysgraphia/LPD (87).jpg,159,1154,train
/content/dysgraphia_raw/Potential Dysgraphia Handwriting Dataset of School-Age Children/DATASET DYSGRAPHIA HANDWRITING/DATASET DYSGRAPHIA HANDWRITING/Low Potential Dysgraphia/LPD (18).jpg,Low Potential Dysgraphia,LPD (18).jpg,0,/content/dysgraphia_raw/Potential Dysgraphia Handwriting Dataset of School-Age Children/DATASET DYSGRAPHIA HANDWRITING/DATASET DYSGRAPHIA HANDWRITING/Low Potential Dysgraphia/LPD (18).jpg,360,1247,train
/content/dysgraphia_raw/Potential Dysgraphia Handwriting Dataset of School-Age Children/DATASET DYSGRAPHIA HANDWRITING/DATASET DYSGRAPHIA HANDWRITING/Low Potential Dysgraphia/LPD (70).jpg,Low Potential Dysgraphia,LPD (70).jpg,0,/content/dysgraphia_raw/Potential Dysgraphia Handwriting Dataset of School-Age Children/DATASET DYSGRAPHIA HANDWRITING/DATASET DYSGRAPHIA HANDWRITING/Low Potential Dysgraphia/LPD (70).jpg,82,684,val
/content/dysgraphia_raw/Potential Dysgraphia Handwriting Dataset of School-Age Children/DATASET DYSGRAPHIA HANDWRITING/DATASET DYSGRAPHIA HANDWRITING/Low Potential Dysgraphia/LPD (59).jpg,Low Potential Dysgraphia,LPD (59).jpg,0,/content/dysgraphia_raw/Potential Dysgraphia Handwriting Dataset of School-Age Children/DATASET DYSGRAPHIA HANDWRITING/DATASET DYSGRAPHIA HANDWRITING/Low Potential Dysgraphia/LPD (59).jpg,87,1203,test
/content/dysgraphia_raw/Potential Dysgraphia Handwriting Dataset of School-Age Children/DATASET DYSGRAPHIA HANDWRITING/DATASET DYSGRAPHIA HANDWRITING/Low Potential Dysgraphia/LPD (45).jpg,Low Potential Dysgraphia,LPD (45).jpg,0,/content/dysgraphia_raw/Potential Dysgraphia Handwriting Dataset of School-Age Children/DATASET DYSGRAPHIA HANDWRITING/DATASET DYSGRAPHIA HANDWRITING/Low Potential Dysgraphia/LPD (45).jpg,246,1253,test
/content/dysgraphia_raw/Potential Dysgraphia Handwriting Dataset of School-Age Children/DATASET DYSGRAPHIA HANDWRITING/DATASET DYSGRAPHIA HANDWRITING/Low Potential Dysgraphia/LPD (15).jpg,Low Potential Dysgraphia,LPD (15).jpg,0,/content/dysgraphia_raw/Potential Dysgraphia Handwriting Dataset of School-Age Children/DATASET DYSGRAPHIA HANDWRITING/DATASET DYSGRAPHIA HANDWRITING/Low Potential Dysgraphia/LPD (15).jpg,295,1345,train
/content/dysgraphia_raw/Potential Dysgraphia Handwriting Dataset of School-Age Children/DATASET DYSGRAPHIA HANDWRITING/DATASET DYSGRAPHIA HANDWRITING/Low Potential Dysgraphia/LPD (89).jpg,Low Potential Dysgraphia,LPD (89).jpg,0,/content/dysgraphia_raw/Potential Dysgraphia Handwriting Dataset of School-Age Children/DATASET DYSGRAPHIA HANDWRITING/DATASET DYSGRAPHIA HANDWRITING/Low Potential Dysgraphia/LPD (89).jpg,170,1271,train
/content/dysgraphia_raw/Potential Dysgraphia Handwriting Dataset of School-Age Children/DATASET DYSGRAPHIA HANDWRITING/DATASET DYSGRAPHIA HANDWRITING/Low Potential Dysgraphia/LPD (115).jpg,Low Potential Dysgraphia,LPD (115).jpg,0,/content/dysgraphia_raw/Potential Dysgraphia Handwriting Dataset of School-Age Children/DATASET DYSGRAPHIA HANDWRITING/DATASET DYSGRAPHIA HANDWRITING/Low Potential Dysgraphia/LPD (115).jpg,99,697,train
/content/dysgraphia_raw/Potential Dysgraphia Handwriting Dataset of School-Age Children/DATASET DYSGRAPHIA HANDWRITING/DATASET DYSGRAPHIA HANDWRITING/Low Potential Dysgraphia/LPD (68).jpg,Low Potential Dysgraphia,LPD (68).jpg,0,/content/dysgraphia_raw/Potential Dysgraphia Handwriting Dataset of School-Age Children/DATASET DYSGRAPHIA HANDWRITING/DATASET DYSGRAPHIA HANDWRITING/Low Potential Dysgraphia/LPD (68).jpg,167,1209,train
/content/dysgraphia_raw/Potential Dysgraphia Handwriting Dataset of School-Age Children/DATASET DYSGRAPHIA HANDWRITING/DATASET DYSGRAPHIA HANDWRITING/Low Potential Dysgraphia/LPD (48).jpg,Low Potential Dysgraphia,LPD (48).jpg,0,/content/dysgraphia_raw/Potential Dysgraphia Handwriting Dataset of School-Age Children/DATASET DYSGRAPHIA HANDWRITING/DATASET DYSGRAPHIA HANDWRITING/Low Potential Dysgraphia/LPD (48).jpg,248,1316,train
/content/dysgraphia_raw/Potential Dysgraphia Handwriting Dataset of School-Age Children/DATASET DYSGRAPHIA HANDWRITING/DATASET DYSGRAPHIA HANDWRITING/Low Potential Dysgraphia/LPD (64).jpg,Low Potential Dysgraphia,LPD (64).jpg,0,/content/dysgraphia_raw/Potential Dysgraphia Handwriting Dataset of School-Age Children/DATASET DYSGRAPHIA HANDWRITING/DATASET DYSGRAPHIA HANDWRITING/Low Potential Dysgraphia/LPD (64).jpg,102,674,test
/content/dysgraphia_raw/Potential Dysgraphia Handwriting Dataset of School-Age Children/DATASET DYSGRAPHIA HANDWRITING/DATASET DYSGRAPHIA HANDWRITING/Low Potential Dysgraphia/LPD (118).jpg,Low Potential Dysgraphia,LPD (118).jpg,0,/content/dysgraphia_raw/Potential Dysgraphia Handwriting Dataset of School-Age Children/DATASET DYSGRAPHIA HANDWRITING/DATASET DYSGRAPHIA HANDWRITING/Low Potential Dysgraphia/LPD (118).jpg,79,788,val
/content/dysgraphia_raw/Potential Dysgraphia Handwriting Dataset of School-Age Children/DATASET DYSGRAPHIA HANDWRITING/DATASET DYSGRAPHIA HANDWRITING/Low Potential Dysgraphia/LPD (34).jpg,Low Potential Dysgraphia,LPD (34).jpg,0,/content/dysgraphia_raw/Potential Dysgraphia Handwriting Dataset of School-Age Children/DATASET DYSGRAPHIA HANDWRITING/DATASET DYSGRAPHIA HANDWRITING/Low Potential Dysgraphia/LPD (34).jpg,99,681,val
/content/dysgraphia_raw/Potential Dysgraphia Handwriting Dataset of School-Age Children/DATASET DYSGRAPHIA HANDWRITING/DATASET DYSGRAPHIA HANDWRITING/Low Potential Dysgraphia/LPD (100).jpg,Low Potential Dysgraphia,LPD (100).jpg,0,/content/dysgraphia_raw/Potential Dysgraphia Handwriting Dataset of School-Age Children/DATASET DYSGRAPHIA HANDWRITING/DATASET DYSGRAPHIA HANDWRITING/Low Potential Dysgraphia/LPD (100).jpg,97,798,train
/content/dysgraphia_raw/Potential Dysgraphia Handwriting Dataset of School-Age Children/DATASET DYSGRAPHIA HANDWRITING/DATASET DYSGRAPHIA HANDWRITING/Low Potential Dysgraphia/LPD (95).jpg,Low Potential Dysgraphia,LPD (95).jpg,0,/content/dysgraphia_raw/Potential Dysgraphia Handwriting Dataset of School-Age Children/DATASET DYSGRAPHIA HANDWRITING/DATASET DYSGRAPHIA HANDWRITING/Low Potential Dysgraphia/LPD (95).jpg,164,1167,train
/content/dysgraphia_raw/Potential Dysgraphia Handwriting Dataset of School-Age Children/DATASET DYSGRAPHIA HANDWRITING/DATASET DYSGRAPHIA HANDWRITING/Low Potential Dysgraphia/LPD (98).jpg,Low Potential Dysgraphia,LPD (98).jpg,0,/content/dysgraphia_raw/Potential Dysgraphia Handwriting Dataset of School-Age Children/DATASET DYSGRAPHIA HANDWRITING/DATASET DYSGRAPHIA HANDWRITING/Low Potential Dysgraphia/LPD (98).jpg,196,1362,train
/content/dysgraphia_raw/Potential Dysgraphia Handwriting Dataset of School-Age Children/DATASET DYSGRAPHIA HANDWRITING/DATASET DYSGRAPHIA HANDWRITING/Low Potential Dysgraphia/LPD (121).jpg,Low Potential Dysgraphia,LPD (121).jpg,0,/content/dysgraphia_raw/Potential Dysgraphia Handwriting Dataset of School-Age Children/DATASET DYSGRAPHIA HANDWRITING/DATASET DYSGRAPHIA HANDWRITING/Low Potential Dysgraphia/LPD (121).jpg,78,926,test
/content/dysgraphia_raw/Potential Dysgraphia Handwriting Dataset of School-Age Children/DATASET DYSGRAPHIA HANDWRITING/DATASET DYSGRAPHIA HANDWRITING/Low Potential Dysgraphia/LPD (54).jpg,Low Potential Dysgraphia,LPD (54).jpg,0,/content/dysgraphia_raw/Potential Dysgraphia Handwriting Dataset of School-Age Children/DATASET DYSGRAPHIA HANDWRITING/DATASET DYSGRAPHIA HANDWRITING/Low Potential Dysgraphia/LPD (54).jpg,165,1214,train
/content/dysgraphia_raw/Potential Dysgraphia Handwriting Dataset of School-Age Children/DATASET DYSGRAPHIA HANDWRITING/DATASET DYSGRAPHIA HANDWRITING/Low Potential Dysgraphia/LPD (61).jpg,Low Potential Dysgraphia,LPD (61).jpg,0,/content/dysgraphia_raw/Potential Dysgraphia Handwriting Dataset of School-Age Children/DATASET DYSGRAPHIA HANDWRITING/DATASET DYSGRAPHIA HANDWRITING/Low Potential Dysgraphia/LPD (61).jpg,97,710,train
/content/dysgraphia_raw/Potential Dysgraphia Handwriting Dataset of School-Age Children/DATASET DYSGRAPHIA HANDWRITING/DATASET DYSGRAPHIA HANDWRITING/Low Potential Dysgraphia/LPD (25).jpg,Low Potential Dysgraphia,LPD (25).jpg,0,/content/dysgraphia_raw/Potential Dysgraphia Handwriting Dataset of School-Age Children/DATASET DYSGRAPHIA HANDWRITING/DATASET DYSGRAPHIA HANDWRITING/Low Potential Dysgraphia/LPD (25).jpg,118,793,train
/content/dysgraphia_raw/Potential Dysgraphia Handwriting Dataset of School-Age Children/DATASET DYSGRAPHIA HANDWRITING/DATASET DYSGRAPHIA HANDWRITING/Low Potential Dysgraphia/LPD (62).jpg,Low Potential Dysgraphia,LPD (62).jpg,0,/content/dysgraphia_raw/Potential Dysgraphia Handwriting Dataset of School-Age Children/DATASET DYSGRAPHIA HANDWRITING/DATASET DYSGRAPHIA HANDWRITING/Low Potential Dysgraphia/LPD (62).jpg,170,1157,val
/content/dysgraphia_raw/Potential Dysgraphia Handwriting Dataset of School-Age Children/DATASET DYSGRAPHIA HANDWRITING/DATASET DYSGRAPHIA HANDWRITING/Low Potential Dysgraphia/LPD (24).jpg,Low Potential Dysgraphia,LPD (24).jpg,0,/content/dysgraphia_raw/Potential Dysgraphia Handwriting Dataset of School-Age Children/DATASET DYSGRAPHIA HANDWRITING/DATASET DYSGRAPHIA HANDWRITING/Low Potential Dysgraphia/LPD (24).jpg,214,1277,train
/content/dysgraphia_raw/Potential Dysgraphia Handwriting Dataset of School-Age Children/DATASET DYSGRAPHIA HANDWRITING/DATASET DYSGRAPHIA HANDWRITING/Low Potential Dysgraphia/LPD (21).jpg,Low Potential Dysgraphia,LPD (21).jpg,0,/content/dysgraphia_raw/Potential Dysgraphia Handwriting Dataset of School-Age Children/DATASET DYSGRAPHIA HANDWRITING/DATASET DYSGRAPHIA HANDWRITING/Low Potential Dysgraphia/LPD (21).jpg,186,1223,train
/content/dysgraphia_raw/Potential Dysgraphia Handwriting Dataset of School-Age Children/DATASET DYSGRAPHIA HANDWRITING/DATASET DYSGRAPHIA HANDWRITING/Low Potential Dysgraphia/LPD (29).jpg,Low Potential Dysgraphia,LPD (29).jpg,0,/content/dysgraphia_raw/Potential Dysgraphia Handwriting Dataset of School-Age Children/DATASET DYSGRAPHIA HANDWRITING/DATASET DYSGRAPHIA HANDWRITING/Low Potential Dysgraphia/LPD (29).jpg,85,1106,val
/content/dysgraphia_raw/Potential Dysgraphia Handwriting Dataset of School-Age Children/DATASET DYSGRAPHIA HANDWRITING/DATASET DYSGRAPHIA HANDWRITING/Low Potential Dysgraphia/LPD (103).jpg,Low Potential Dysgraphia,LPD (103).jpg,0,/content/dysgraphia_raw/Potential Dysgraphia Handwriting Dataset of School-Age Children/DATASET DYSGRAPHIA HANDWRITING/DATASET DYSGRAPHIA HANDWRITING/Low Potential Dysgraphia/LPD (103).jpg,84,871,train
/content/dysgraphia_raw/Potential Dysgraphia Handwriting Dataset of School-Age Children/DATASET DYSGRAPHIA HANDWRITING/DATASET DYSGRAPHIA HANDWRITING/Low Potential Dysgraphia/LPD (19).jpg,Low Potential Dysgraphia,LPD (19).jpg,0,/content/dysgraphia_raw/Potential Dysgraphia Handwriting Dataset of School-Age Children/DATASET DYSGRAPHIA HANDWRITING/DATASET DYSGRAPHIA HANDWRITING/Low Potential Dysgraphia/LPD (19).jpg,104,586,test
/content/dysgraphia_raw/Potential Dysgraphia Handwriting Dataset of School-Age Children/DATASET DYSGRAPHIA HANDWRITING/DATASET DYSGRAPHIA HANDWRITING/Low Potential Dysgraphia/LPD (39).jpg,Low Potential Dysgraphia,LPD (39).jpg,0,/content/dysgraphia_raw/Potential Dysgraphia Handwriting Dataset of School-Age Children/DATASET DYSGRAPHIA HANDWRITING/DATASET DYSGRAPHIA HANDWRITING/Low Potential Dysgraphia/LPD (39).jpg,154,1245,train
/content/dysgraphia_raw/Potential Dysgraphia Handwriting Dataset of School-Age Children/DATASET DYSGRAPHIA HANDWRITING/DATASET DYSGRAPHIA HANDWRITING/Low Potential Dysgraphia/LPD (63).jpg,Low Potential Dysgraphia,LPD (63).jpg,0,/content/dysgraphia_raw/Potential Dysgraphia Handwriting Dataset of School-Age Children/DATASET DYSGRAPHIA HANDWRITING/DATASET DYSGRAPHIA HANDWRITING/Low Potential Dysgraphia/LPD (63).jpg,253,1243,train
/content/dysgraphia_raw/Potential Dysgraphia Handwriting Dataset of School-Age Children/DATASET DYSGRAPHIA HANDWRITING/DATASET DYSGRAPHIA HANDWRITING/Low Potential Dysgraphia/LPD (75).jpg,Low Potential Dysgraphia,LPD (75).jpg,0,/content/dysgraphia_raw/Potential Dysgraphia Handwriting Dataset of School-Age Children/DATASET DYSGRAPHIA HANDWRITING/DATASET DYSGRAPHIA HANDWRITING/Low Potential Dysgraphia/LPD (75).jpg,240,1136,train
/content/dysgraphia_raw/Potential Dysgraphia Handwriting Dataset of School-Age Children/DATASET DYSGRAPHIA HANDWRITING/DATASET DYSGRAPHIA HANDWRITING/Low Potential Dysgraphia/LPD (36).jpg,Low Potential Dysgraphia,LPD (36).jpg,0,/content/dysgraphia_raw/Potential Dysgraphia Handwriting Dataset of School-Age Children/DATASET DYSGRAPHIA HANDWRITING/DATASET DYSGRAPHIA HANDWRITING/Low Potential Dysgraphia/LPD (36).jpg,186,1261,train
/content/dysgraphia_raw/Potential Dysgraphia Handwriting Dataset of School-Age Children/DATASET DYSGRAPHIA HANDWRITING/DATASET DYSGRAPHIA HANDWRITING/Low Potential Dysgraphia/LPD (44).jpg,Low Potential Dysgraphia,LPD (44).jpg,0,/content/dysgraphia_raw/Potential Dysgraphia Handwriting Dataset of School-Age Children/DATASET DYSGRAPHIA HANDWRITING/DATASET DYSGRAPHIA HANDWRITING/Low Potential Dysgraphia/LPD (44).jpg,172,1220,train
/content/dysgraphia_raw/Potential Dysgraphia Handwriting Dataset of School-Age Children/DATASET DYSGRAPHIA HANDWRITING/DATASET DYSGRAPHIA HANDWRITING/Low Potential Dysgraphia/LPD (47).jpg,Low Potential Dysgraphia,LPD (47).jpg,0,/content/dysgraphia_raw/Potential Dysgraphia Handwriting Dataset of School-Age Children/DATASET DYSGRAPHIA HANDWRITING/DATASET DYSGRAPHIA HANDWRITING/Low Potential Dysgraphia/LPD (47).jpg,175,1211,val
/content/dysgraphia_raw/Potential Dysgraphia Handwriting Dataset of School-Age Children/DATASET DYSGRAPHIA HANDWRITING/DATASET DYSGRAPHIA HANDWRITING/Low Potential Dysgraphia/LPD (102).jpg,Low Potential Dysgraphia,LPD (102).jpg,0,/content/dysgraphia_raw/Potential Dysgraphia Handwriting Dataset of School-Age Children/DATASET DYSGRAPHIA HANDWRITING/DATASET DYSGRAPHIA HANDWRITING/Low Potential Dysgraphia/LPD (102).jpg,259,1175,train
/content/dysgraphia_raw/Potential Dysgraphia Handwriting Dataset of School-Age Children/DATASET DYSGRAPHIA HANDWRITING/DATASET DYSGRAPHIA HANDWRITING/Low Potential Dysgraphia/LPD (12).jpg,Low Potential Dysgraphia,LPD (12).jpg,0,/content/dysgraphia_raw/Potential Dysgraphia Handwriting Dataset of School-Age Children/DATASET DYSGRAPHIA HANDWRITING/DATASET DYSGRAPHIA HANDWRITING/Low Potential Dysgraphia/LPD (12).jpg,99,696,train
/content/dysgraphia_raw/Potential Dysgraphia Handwriting Dataset of School-Age Children/DATASET DYSGRAPHIA HANDWRITING/DATASET DYSGRAPHIA HANDWRITING/Low Potential Dysgraphia/LPD (85).jpg,Low Potential Dysgraphia,LPD (85).jpg,0,/content/dysgraphia_raw/Potential Dysgraphia Handwriting Dataset of School-Age Children/DATASET DYSGRAPHIA HANDWRITING/DATASET DYSGRAPHIA HANDWRITING/Low Potential Dysgraphia/LPD (85).jpg,102,653,val
/content/dysgraphia_raw/Potential Dysgraphia Handwriting Dataset of School-Age Children/DATASET DYSGRAPHIA HANDWRITING/DATASET DYSGRAPHIA HANDWRITING/Low Potential Dysgraphia/LPD (125).jpg,Low Potential Dysgraphia,LPD (125).jpg,0,/content/dysgraphia_raw/Potential Dysgraphia Handwriting Dataset of School-Age Children/DATASET DYSGRAPHIA HANDWRITING/DATASET DYSGRAPHIA HANDWRITING/Low Potential Dysgraphia/LPD (125).jpg,170,1280,train
/content/dysgraphia_raw/Potential Dysgraphia Handwriting Dataset of School-Age Children/DATASET DYSGRAPHIA HANDWRITING/DATASET DYSGRAPHIA HANDWRITING/Low Potential Dysgraphia/LPD (131).jpg,Low Potential Dysgraphia,LPD (131).jpg,0,/content/dysgraphia_raw/Potential Dysgraphia Handwriting Dataset of School-Age Children/DATASET DYSGRAPHIA HANDWRITING/DATASET DYSGRAPHIA HANDWRITING/Low Potential Dysgraphia/LPD (131).jpg,154,1146,test
/content/dysgraphia_raw/Potential Dysgraphia Handwriting Dataset of School-Age Children/DATASET DYSGRAPHIA HANDWRITING/DATASET DYSGRAPHIA HANDWRITING/Low Potential Dysgraphia/LPD (111).jpg,Low Potential Dysgraphia,LPD (111).jpg,0,/content/dysgraphia_raw/Potential Dysgraphia Handwriting Dataset of School-Age Children/DATASET DYSGRAPHIA HANDWRITING/DATASET DYSGRAPHIA HANDWRITING/Low Potential Dysgraphia/LPD (111).jpg,255,1250,train
/content/dysgraphia_raw/Potential Dysgraphia Handwriting Dataset of School-Age Children/DATASET DYSGRAPHIA HANDWRITING/DATASET DYSGRAPHIA HANDWRITING/Low Potential Dysgraphia/LPD (60).jpg,Low Potential Dysgraphia,LPD (60).jpg,0,/content/dysgraphia_raw/Potential Dysgraphia Handwriting Dataset of School-Age Children/DATASET DYSGRAPHIA HANDWRITING/DATASET DYSGRAPHIA HANDWRITING/Low Potential Dysgraphia/LPD (60).jpg,167,1237,train
/content/dysgraphia_raw/Potential Dysgraphia Handwriting Dataset of School-Age Children/DATASET DYSGRAPHIA HANDWRITING/DATASET DYSGRAPHIA HANDWRITING/Low Potential Dysgraphia/LPD (13).jpg,Low Potential Dysgraphia,LPD (13).jpg,0,/content/dysgraphia_raw/Potential Dysgraphia Handwriting Dataset of School-Age Children/DATASET DYSGRAPHIA HANDWRITING/DATASET DYSGRAPHIA HANDWRITING/Low Potential Dysgraphia/LPD (13).jpg,129,1003,train
/content/dysgraphia_raw/Potential Dysgraphia Handwriting Dataset of School-Age Children/DATASET DYSGRAPHIA HANDWRITING/DATASET DYSGRAPHIA HANDWRITING/Potential Dysgraphia/PD (32).jpg,Potential Dysgraphia,PD (32).jpg,1,/content/dysgraphia_raw/Potential Dysgraphia Handwriting Dataset of School-Age Children/DATASET DYSGRAPHIA HANDWRITING/DATASET DYSGRAPHIA HANDWRITING/Potential Dysgraphia/PD (32).jpg,189,1269,train
/content/dysgraphia_raw/Potential Dysgraphia Handwriting Dataset of School-Age Children/DATASET DYSGRAPHIA HANDWRITING/DATASET DYSGRAPHIA HANDWRITING/Potential Dysgraphia/PD (88).jpg,Potential Dysgraphia,PD (88).jpg,1,/content/dysgraphia_raw/Potential Dysgraphia Handwriting Dataset of School-Age Children/DATASET DYSGRAPHIA HANDWRITING/DATASET DYSGRAPHIA HANDWRITING/Potential Dysgraphia/PD (88).jpg,102,1005,test
/content/dysgraphia_raw/Potential Dysgraphia Handwriting Dataset of School-Age Children/DATASET DYSGRAPHIA HANDWRITING/DATASET DYSGRAPHIA HANDWRITING/Potential Dysgraphia/PD (69).jpg,Potential Dysgraphia,PD (69).jpg,1,/content/dysgraphia_raw/Potential Dysgraphia Handwriting Dataset of School-Age Children/DATASET DYSGRAPHIA HANDWRITING/DATASET DYSGRAPHIA HANDWRITING/Potential Dysgraphia/PD (69).jpg,246,1231,test
/content/dysgraphia_raw/Potential Dysgraphia Handwriting Dataset of School-Age Children/DATASET DYSGRAPHIA HANDWRITING/DATASET DYSGRAPHIA HANDWRITING/Potential Dysgraphia/PD (47).jpg,Potential Dysgraphia,PD (47).jpg,1,/content/dysgraphia_raw/Potential Dysgraphia Handwriting Dataset of School-Age Children/DATASET DYSGRAPHIA HANDWRITING/DATASET DYSGRAPHIA HANDWRITING/Potential Dysgraphia/PD (47).jpg,338,1160,train
/content/dysgraphia_raw/Potential Dysgraphia Handwriting Dataset of School-Age Children/DATASET DYSGRAPHIA HANDWRITING/DATASET DYSGRAPHIA HANDWRITING/Potential Dysgraphia/PD (67).jpg,Potential Dysgraphia,PD (67).jpg,1,/content/dysgraphia_raw/Potential Dysgraphia Handwriting Dataset of School-Age Children/DATASET DYSGRAPHIA HANDWRITING/DATASET DYSGRAPHIA HANDWRITING/Potential Dysgraphia/PD (67).jpg,93,886,train
/content/dysgraphia_raw/Potential Dysgraphia Handwriting Dataset of School-Age Children/DATASET DYSGRAPHIA HANDWRITING/DATASET DYSGRAPHIA HANDWRITING/Potential Dysgraphia/PD (23).jpg,Potential Dysgraphia,PD (23).jpg,1,/content/dysgraphia_raw/Potential Dysgraphia Handwriting Dataset of School-Age Children/DATASET DYSGRAPHIA HANDWRITING/DATASET DYSGRAPHIA HANDWRITING/Potential Dysgraphia/PD (23).jpg,83,1177,train
/content/dysgraphia_raw/Potential Dysgraphia Handwriting Dataset of School-Age Children/DATASET DYSGRAPHIA HANDWRITING/DATASET DYSGRAPHIA HANDWRITING/Potential Dysgraphia/PD (40).jpg,Potential Dysgraphia,PD (40).jpg,1,/content/dysgraphia_raw/Potential Dysgraphia Handwriting Dataset of School-Age Children/DATASET DYSGRAPHIA HANDWRITING/DATASET DYSGRAPHIA HANDWRITING/Potential Dysgraphia/PD (40).jpg,154,1236,train
/content/dysgraphia_raw/Potential Dysgraphia Handwriting Dataset of School-Age Children/DATASET DYSGRAPHIA HANDWRITING/DATASET DYSGRAPHIA HANDWRITING/Potential Dysgraphia/PD (81).jpg,Potential Dysgraphia,PD (81).jpg,1,/content/dysgraphia_raw/Potential Dysgraphia Handwriting Dataset of School-Age Children/DATASET DYSGRAPHIA HANDWRITING/DATASET DYSGRAPHIA HANDWRITING/Potential Dysgraphia/PD (81).jpg,314,1253,train
/content/dysgraphia_raw/Potential Dysgraphia Handwriting Dataset of School-Age Children/DATASET DYSGRAPHIA HANDWRITING/DATASET DYSGRAPHIA HANDWRITING/Potential Dysgraphia/PD (10).jpg,Potential Dysgraphia,PD (10).jpg,1,/content/dysgraphia_raw/Potential Dysgraphia Handwriting Dataset of School-Age Children/DATASET DYSGRAPHIA HANDWRITING/DATASET DYSGRAPHIA HANDWRITING/Potential Dysgraphia/PD (10).jpg,107,855,train
/content/dysgraphia_raw/Potential Dysgraphia Handwriting Dataset of School-Age Children/DATASET DYSGRAPHIA HANDWRITING/DATASET DYSGRAPHIA HANDWRITING/Potential Dysgraphia/PD (52).jpg,Potential Dysgraphia,PD (52).jpg,1,/content/dysgraphia_raw/Potential Dysgraphia Handwriting Dataset of School-Age Children/DATASET DYSGRAPHIA HANDWRITING/DATASET DYSGRAPHIA HANDWRITING/Potential Dysgraphia/PD (52).jpg,123,1256,train
/content/dysgraphia_raw/Potential Dysgraphia Handwriting Dataset of School-Age Children/DATASET DYSGRAPHIA HANDWRITING/DATASET DYSGRAPHIA HANDWRITING/Potential Dysgraphia/PD (108).jpg,Potential Dysgraphia,PD (108).jpg,1,/content/dysgraphia_raw/Potential Dysgraphia Handwriting Dataset of School-Age Children/DATASET DYSGRAPHIA HANDWRITING/DATASET DYSGRAPHIA HANDWRITING/Potential Dysgraphia/PD (108).jpg,325,1264,test
/content/dysgraphia_raw/Potential Dysgraphia Handwriting Dataset of School-Age Children/DATASET DYSGRAPHIA HANDWRITING/DATASET DYSGRAPHIA HANDWRITING/Potential Dysgraphia/PD (84).jpg,Potential Dysgraphia,PD (84).jpg,1,/content/dysgraphia_raw/Potential Dysgraphia Handwriting Dataset of School-Age Children/DATASET DYSGRAPHIA HANDWRITING/DATASET DYSGRAPHIA HANDWRITING/Potential Dysgraphia/PD (84).jpg,281,1209,val
/content/dysgraphia_raw/Potential Dysgraphia Handwriting Dataset of School-Age Children/DATASET DYSGRAPHIA HANDWRITING/DATASET DYSGRAPHIA HANDWRITING/Potential Dysgraphia/PD (9).jpg,Potential Dysgraphia,PD (9).jpg,1,/content/dysgraphia_raw/Potential Dysgraphia Handwriting Dataset of School-Age Children/DATASET DYSGRAPHIA HANDWRITING/DATASET DYSGRAPHIA HANDWRITING/Potential Dysgraphia/PD (9).jpg,233,1288,train
/content/dysgraphia_raw/Potential Dysgraphia Handwriting Dataset of School-Age Children/DATASET DYSGRAPHIA HANDWRITING/DATASET DYSGRAPHIA HANDWRITING/Potential Dysgraphia/PD (39).jpg,Potential Dysgraphia,PD (39).jpg,1,/content/dysgraphia_raw/Potential Dysgraphia Handwriting Dataset of School-Age Children/DATASET DYSGRAPHIA HANDWRITING/DATASET DYSGRAPHIA HANDWRITING/Potential Dysgraphia/PD (39).jpg,314,1305,train
/content/dysgraphia_raw/Potential Dysgraphia Handwriting Dataset of School-Age Children/DATASET DYSGRAPHIA HANDWRITING/DATASET DYSGRAPHIA HANDWRITING/Potential Dysgraphia/PD (7).jpg,Potential Dysgraphia,PD (7).jpg,1,/content/dysgraphia_raw/Potential Dysgraphia Handwriting Dataset of School-Age Children/DATASET DYSGRAPHIA HANDWRITING/DATASET DYSGRAPHIA HANDWRITING/Potential Dysgraphia/PD (7).jpg,137,945,train
/content/dysgraphia_raw/Potential Dysgraphia Handwriting Dataset of School-Age Children/DATASET DYSGRAPHIA HANDWRITING/DATASET DYSGRAPHIA HANDWRITING/Potential Dysgraphia/PD (11).jpg,Potential Dysgraphia,PD (11).jpg,1,/content/dysgraphia_raw/Potential Dysgraphia Handwriting Dataset of School-Age Children/DATASET DYSGRAPHIA HANDWRITING/DATASET DYSGRAPHIA HANDWRITING/Potential Dysgraphia/PD (11).jpg,202,1293,train
/content/dysgraphia_raw/Potential Dysgraphia Handwriting Dataset of School-Age Children/DATASET DYSGRAPHIA HANDWRITING/DATASET DYSGRAPHIA HANDWRITING/Potential Dysgraphia/PD (56).jpg,Potential Dysgraphia,PD (56).jpg,1,/content/dysgraphia_raw/Potential Dysgraphia Handwriting Dataset of School-Age Children/DATASET DYSGRAPHIA HANDWRITING/DATASET DYSGRAPHIA HANDWRITING/Potential Dysgraphia/PD (56).jpg,178,1239,test
/content/dysgraphia_raw/Potential Dysgraphia Handwriting Dataset of School-Age Children/DATASET DYSGRAPHIA HANDWRITING/DATASET DYSGRAPHIA HANDWRITING/Potential Dysgraphia/PD (111).jpg,Potential Dysgraphia,PD (111).jpg,1,/content/dysgraphia_raw/Potential Dysgraphia Handwriting Dataset of School-Age Children/DATASET DYSGRAPHIA HANDWRITING/DATASET DYSGRAPHIA HANDWRITING/Potential Dysgraphia/PD (111).jpg,172,1267,train
/content/dysgraphia_raw/Potential Dysgraphia Handwriting Dataset of School-Age Children/DATASET DYSGRAPHIA HANDWRITING/DATASET DYSGRAPHIA HANDWRITING/Potential Dysgraphia/PD (57).jpg,Potential Dysgraphia,PD (57).jpg,1,/content/dysgraphia_raw/Potential Dysgraphia Handwriting Dataset of School-Age Children/DATASET DYSGRAPHIA HANDWRITING/DATASET DYSGRAPHIA HANDWRITING/Potential Dysgraphia/PD (57).jpg,159,1242,train
/content/dysgraphia_raw/Potential Dysgraphia Handwriting Dataset of School-Age Children/DATASET DYSGRAPHIA HANDWRITING/DATASET DYSGRAPHIA HANDWRITING/Potential Dysgraphia/PD (3).jpg,Potential Dysgraphia,PD (3).jpg,1,/content/dysgraphia_raw/Potential Dysgraphia Handwriting Dataset of School-Age Children/DATASET DYSGRAPHIA HANDWRITING/DATASET DYSGRAPHIA HANDWRITING/Potential Dysgraphia/PD (3).jpg,365,1318,train
/content/dysgraphia_raw/Potential Dysgraphia Handwriting Dataset of School-Age Children/DATASET DYSGRAPHIA HANDWRITING/DATASET DYSGRAPHIA HANDWRITING/Potential Dysgraphia/PD (14).jpg,Potential Dysgraphia,PD (14).jpg,1,/content/dysgraphia_raw/Potential Dysgraphia Handwriting Dataset of School-Age Children/DATASET DYSGRAPHIA HANDWRITING/DATASET DYSGRAPHIA HANDWRITING/Potential Dysgraphia/PD (14).jpg,88,1253,train
/content/dysgraphia_raw/Potential Dysgraphia Handwriting Dataset of School-Age Children/DATASET DYSGRAPHIA HANDWRITING/DATASET DYSGRAPHIA HANDWRITING/Potential Dysgraphia/PD (36).jpg,Potential Dysgraphia,PD (36).jpg,1,/content/dysgraphia_raw/Potential Dysgraphia Handwriting Dataset of School-Age Children/DATASET DYSGRAPHIA HANDWRITING/DATASET DYSGRAPHIA HANDWRITING/Potential Dysgraphia/PD (36).jpg,238,1416,train
/content/dysgraphia_raw/Potential Dysgraphia Handwriting Dataset of School-Age Children/DATASET DYSGRAPHIA HANDWRITING/DATASET DYSGRAPHIA HANDWRITING/Potential Dysgraphia/PD (93).jpg,Potential Dysgraphia,PD (93).jpg,1,/content/dysgraphia_raw/Potential Dysgraphia Handwriting Dataset of School-Age Children/DATASET DYSGRAPHIA HANDWRITING/DATASET DYSGRAPHIA HANDWRITING/Potential Dysgraphia/PD (93).jpg,349,1252,train
/content/dysgraphia_raw/Potential Dysgraphia Handwriting Dataset of School-Age Children/DATASET DYSGRAPHIA HANDWRITING/DATASET DYSGRAPHIA HANDWRITING/Potential Dysgraphia/PD (72).jpg,Potential Dysgraphia,PD (72).jpg,1,/content/dysgraphia_raw/Potential Dysgraphia Handwriting Dataset of School-Age Children/DATASET DYSGRAPHIA HANDWRITING/DATASET DYSGRAPHIA HANDWRITING/Potential Dysgraphia/PD (72).jpg,216,1296,val
/content/dysgraphia_raw/Potential Dysgraphia Handwriting Dataset of School-Age Children/DATASET DYSGRAPHIA HANDWRITING/DATASET DYSGRAPHIA HANDWRITING/Potential Dysgraphia/PD (64).jpg,Potential Dysgraphia,PD (64).jpg,1,/content/dysgraphia_raw/Potential Dysgraphia Handwriting Dataset of School-Age Children/DATASET DYSGRAPHIA HANDWRITING/DATASET DYSGRAPHIA HANDWRITING/Potential Dysgraphia/PD (64).jpg,170,1076,test
/content/dysgraphia_raw/Potential Dysgraphia Handwriting Dataset of School-Age Children/DATASET DYSGRAPHIA HANDWRITING/DATASET DYSGRAPHIA HANDWRITING/Potential Dysgraphia/PD (20).jpg,Potential Dysgraphia,PD (20).jpg,1,/content/dysgraphia_raw/Potential Dysgraphia Handwriting Dataset of School-Age Children/DATASET DYSGRAPHIA HANDWRITING/DATASET DYSGRAPHIA HANDWRITING/Potential Dysgraphia/PD (20).jpg,175,1217,train
/content/dysgraphia_raw/Potential Dysgraphia Handwriting Dataset of School-Age Children/DATASET DYSGRAPHIA HANDWRITING/DATASET DYSGRAPHIA HANDWRITING/Potential Dysgraphia/PD (63).jpg,Potential Dysgraphia,PD (63).jpg,1,/content/dysgraphia_raw/Potential Dysgraphia Handwriting Dataset of School-Age Children/DATASET DYSGRAPHIA HANDWRITING/DATASET DYSGRAPHIA HANDWRITING/Potential Dysgraphia/PD (63).jpg,303,1182,train
/content/dysgraphia_raw/Potential Dysgraphia Handwriting Dataset of School-Age Children/DATASET DYSGRAPHIA HANDWRITING/DATASET DYSGRAPHIA HANDWRITING/Potential Dysgraphia/PD (51).jpg,Potential Dysgraphia,PD (51).jpg,1,/content/dysgraphia_raw/Potential Dysgraphia Handwriting Dataset of School-Age Children/DATASET DYSGRAPHIA HANDWRITING/DATASET DYSGRAPHIA HANDWRITING/Potential Dysgraphia/PD (51).jpg,246,1250,train
/content/dysgraphia_raw/Potential Dysgraphia Handwriting Dataset of School-Age Children/DATASET DYSGRAPHIA HANDWRITING/DATASET DYSGRAPHIA HANDWRITING/Potential Dysgraphia/PD (109).jpg,Potential Dysgraphia,PD (109).jpg,1,/content/dysgraphia_raw/Potential Dysgraphia Handwriting Dataset of School-Age Children/DATASET DYSGRAPHIA HANDWRITING/DATASET DYSGRAPHIA HANDWRITING/Potential Dysgraphia/PD (109).jpg,110,1109,train
/content/dysgraphia_raw/Potential Dysgraphia Handwriting Dataset of School-Age Children/DATASET DYSGRAPHIA HANDWRITING/DATASET DYSGRAPHIA HANDWRITING/Potential Dysgraphia/PD (95).jpg,Potential Dysgraphia,PD (95).jpg,1,/content/dysgraphia_raw/Potential Dysgraphia Handwriting Dataset of School-Age Children/DATASET DYSGRAPHIA HANDWRITING/DATASET DYSGRAPHIA HANDWRITING/Potential Dysgraphia/PD (95).jpg,216,1250,train
/content/dysgraphia_raw/Potential Dysgraphia Handwriting Dataset of School-Age Children/DATASET DYSGRAPHIA HANDWRITING/DATASET DYSGRAPHIA HANDWRITING/Potential Dysgraphia/PD (46).jpg,Potential Dysgraphia,PD (46).jpg,1,/content/dysgraphia_raw/Potential Dysgraphia Handwriting Dataset of School-Age Children/DATASET DYSGRAPHIA HANDWRITING/DATASET DYSGRAPHIA HANDWRITING/Potential Dysgraphia/PD (46).jpg,200,1231,test
/content/dysgraphia_raw/Potential Dysgraphia Handwriting Dataset of School-Age Children/DATASET DYSGRAPHIA HANDWRITING/DATASET DYSGRAPHIA HANDWRITING/Potential Dysgraphia/PD (18).jpg,Potential Dysgraphia,PD (18).jpg,1,/content/dysgraphia_raw/Potential Dysgraphia Handwriting Dataset of School-Age Children/DATASET DYSGRAPHIA HANDWRITING/DATASET DYSGRAPHIA HANDWRITING/Potential Dysgraphia/PD (18).jpg,249,1274,train
/content/dysgraphia_raw/Potential Dysgraphia Handwriting Dataset of School-Age Children/DATASET DYSGRAPHIA HANDWRITING/DATASET DYSGRAPHIA HANDWRITING/Potential Dysgraphia/PD (45).jpg,Potential Dysgraphia,PD (45).jpg,1,/content/dysgraphia_raw/Potential Dysgraphia Handwriting Dataset of School-Age Children/DATASET DYSGRAPHIA HANDWRITING/DATASET DYSGRAPHIA HANDWRITING/Potential Dysgraphia/PD (45).jpg,273,1397,val
/content/dysgraphia_raw/Potential Dysgraphia Handwriting Dataset of School-Age Children/DATASET DYSGRAPHIA HANDWRITING/DATASET DYSGRAPHIA HANDWRITING/Potential Dysgraphia/PD (110).jpg,Potential Dysgraphia,PD (110).jpg,1,/content/dysgraphia_raw/Potential Dysgraphia Handwriting Dataset of School-Age Children/DATASET DYSGRAPHIA HANDWRITING/DATASET DYSGRAPHIA HANDWRITING/Potential Dysgraphia/PD (110).jpg,183,1253,train
/content/dysgraphia_raw/Potential Dysgraphia Handwriting Dataset of School-Age Children/DATASET DYSGRAPHIA HANDWRITING/DATASET DYSGRAPHIA HANDWRITING/Potential Dysgraphia/PD (28).jpg,Potential Dysgraphia,PD (28).jpg,1,/content/dysgraphia_raw/Potential Dysgraphia Handwriting Dataset of School-Age Children/DATASET DYSGRAPHIA HANDWRITING/DATASET DYSGRAPHIA HANDWRITING/Potential Dysgraphia/PD (28).jpg,145,708,test
/content/dysgraphia_raw/Potential Dysgraphia Handwriting Dataset of School-Age Children/DATASET DYSGRAPHIA HANDWRITING/DATASET DYSGRAPHIA HANDWRITING/Potential Dysgraphia/PD (25).jpg,Potential Dysgraphia,PD (25).jpg,1,/content/dysgraphia_raw/Potential Dysgraphia Handwriting Dataset of School-Age Children/DATASET DYSGRAPHIA HANDWRITING/DATASET DYSGRAPHIA HANDWRITING/Potential Dysgraphia/PD (25).jpg,104,1010,train
/content/dysgraphia_raw/Potential Dysgraphia Handwriting Dataset of School-Age Children/DATASET DYSGRAPHIA HANDWRITING/DATASET DYSGRAPHIA HANDWRITING/Potential Dysgraphia/PD (41).jpg,Potential Dysgraphia,PD (41).jpg,1,/content/dysgraphia_raw/Potential Dysgraphia Handwriting Dataset of School-Age Children/DATASET DYSGRAPHIA HANDWRITING/DATASET DYSGRAPHIA HANDWRITING/Potential Dysgraphia/PD (41).jpg,254,1269,val
/content/dysgraphia_raw/Potential Dysgraphia Handwriting Dataset of School-Age Children/DATASET DYSGRAPHIA HANDWRITING/DATASET DYSGRAPHIA HANDWRITING/Potential Dysgraphia/PD (6).jpg,Potential Dysgraphia,PD (6).jpg,1,/content/dysgraphia_raw/Potential Dysgraphia Handwriting Dataset of School-Age Children/DATASET DYSGRAPHIA HANDWRITING/DATASET DYSGRAPHIA HANDWRITING/Potential Dysgraphia/PD (6).jpg,150,1272,test
/content/dysgraphia_raw/Potential Dysgraphia Handwriting Dataset of School-Age Children/DATASET DYSGRAPHIA HANDWRITING/DATASET DYSGRAPHIA HANDWRITING/Potential Dysgraphia/PD (29).jpg,Potential Dysgraphia,PD (29).jpg,1,/content/dysgraphia_raw/Potential Dysgraphia Handwriting Dataset of School-Age Children/DATASET DYSGRAPHIA HANDWRITING/DATASET DYSGRAPHIA HANDWRITING/Potential Dysgraphia/PD (29).jpg,292,1405,train
/content/dysgraphia_raw/Potential Dysgraphia Handwriting Dataset of School-Age Children/DATASET DYSGRAPHIA HANDWRITING/DATASET DYSGRAPHIA HANDWRITING/Potential Dysgraphia/PD (8).jpg,Potential Dysgraphia,PD (8).jpg,1,/content/dysgraphia_raw/Potential Dysgraphia Handwriting Dataset of School-Age Children/DATASET DYSGRAPHIA HANDWRITING/DATASET DYSGRAPHIA HANDWRITING/Potential Dysgraphia/PD (8).jpg,140,1301,train
/content/dysgraphia_raw/Potential Dysgraphia Handwriting Dataset of School-Age Children/DATASET DYSGRAPHIA HANDWRITING/DATASET DYSGRAPHIA HANDWRITING/Potential Dysgraphia/PD (34).jpg,Potential Dysgraphia,PD (34).jpg,1,/content/dysgraphia_raw/Potential Dysgraphia Handwriting Dataset of School-Age Children/DATASET DYSGRAPHIA HANDWRITING/DATASET DYSGRAPHIA HANDWRITING/Potential Dysgraphia/PD (34).jpg,96,723,val
/content/dysgraphia_raw/Potential Dysgraphia Handwriting Dataset of School-Age Children/DATASET DYSGRAPHIA HANDWRITING/DATASET DYSGRAPHIA HANDWRITING/Potential Dysgraphia/PD (77).jpg,Potential Dysgraphia,PD (77).jpg,1,/content/dysgraphia_raw/Potential Dysgraphia Handwriting Dataset of School-Age Children/DATASET DYSGRAPHIA HANDWRITING/DATASET DYSGRAPHIA HANDWRITING/Potential Dysgraphia/PD (77).jpg,159,1168,train
/content/dysgraphia_raw/Potential Dysgraphia Handwriting Dataset of School-Age Children/DATASET DYSGRAPHIA HANDWRITING/DATASET DYSGRAPHIA HANDWRITING/Potential Dysgraphia/PD (87).jpg,Potential Dysgraphia,PD (87).jpg,1,/content/dysgraphia_raw/Potential Dysgraphia Handwriting Dataset of School-Age Children/DATASET DYSGRAPHIA HANDWRITING/DATASET DYSGRAPHIA HANDWRITING/Potential Dysgraphia/PD (87).jpg,249,1389,train
/content/dysgraphia_raw/Potential Dysgraphia Handwriting Dataset of School-Age Children/DATASET DYSGRAPHIA HANDWRITING/DATASET DYSGRAPHIA HANDWRITING/Potential Dysgraphia/PD (103).jpg,Potential Dysgraphia,PD (103).jpg,1,/content/dysgraphia_raw/Potential Dysgraphia Handwriting Dataset of School-Age Children/DATASET DYSGRAPHIA HANDWRITING/DATASET DYSGRAPHIA HANDWRITING/Potential Dysgraphia/PD (103).jpg,110,886,train
/content/dysgraphia_raw/Potential Dysgraphia Handwriting Dataset of School-Age Children/DATASET DYSGRAPHIA HANDWRITING/DATASET DYSGRAPHIA HANDWRITING/Potential Dysgraphia/PD (73).jpg,Potential Dysgraphia,PD (73).jpg,1,/content/dysgraphia_raw/Potential Dysgraphia Handwriting Dataset of School-Age Children/DATASET DYSGRAPHIA HANDWRITING/DATASET DYSGRAPHIA HANDWRITING/Potential Dysgraphia/PD (73).jpg,121,1190,test
/content/dysgraphia_raw/Potential Dysgraphia Handwriting Dataset of School-Age Children/DATASET DYSGRAPHIA HANDWRITING/DATASET DYSGRAPHIA HANDWRITING/Potential Dysgraphia/PD (53).jpg,Potential Dysgraphia,PD (53).jpg,1,/content/dysgraphia_raw/Potential Dysgraphia Handwriting Dataset of School-Age Children/DATASET DYSGRAPHIA HANDWRITING/DATASET DYSGRAPHIA HANDWRITING/Potential Dysgraphia/PD (53).jpg,273,1193,train
/content/dysgraphia_raw/Potential Dysgraphia Handwriting Dataset of School-Age Children/DATASET DYSGRAPHIA HANDWRITING/DATASET DYSGRAPHIA HANDWRITING/Potential Dysgraphia/PD (79).jpg,Potential Dysgraphia,PD (79).jpg,1,/content/dysgraphia_raw/Potential Dysgraphia Handwriting Dataset of School-Age Children/DATASET DYSGRAPHIA HANDWRITING/DATASET DYSGRAPHIA HANDWRITING/Potential Dysgraphia/PD (79).jpg,102,997,val
/content/dysgraphia_raw/Potential Dysgraphia Handwriting Dataset of School-Age Children/DATASET DYSGRAPHIA HANDWRITING/DATASET DYSGRAPHIA HANDWRITING/Potential Dysgraphia/PD (60).jpg,Potential Dysgraphia,PD (60).jpg,1,/content/dysgraphia_raw/Potential Dysgraphia Handwriting Dataset of School-Age Children/DATASET DYSGRAPHIA HANDWRITING/DATASET DYSGRAPHIA HANDWRITING/Potential Dysgraphia/PD (60).jpg,205,1111,train
/content/dysgraphia_raw/Potential Dysgraphia Handwriting Dataset of School-Age Children/DATASET DYSGRAPHIA HANDWRITING/DATASET DYSGRAPHIA HANDWRITING/Potential Dysgraphia/PD (106).jpg,Potential Dysgraphia,PD (106).jpg,1,/content/dysgraphia_raw/Potential Dysgraphia Handwriting Dataset of School-Age Children/DATASET DYSGRAPHIA HANDWRITING/DATASET DYSGRAPHIA HANDWRITING/Potential Dysgraphia/PD (106).jpg,104,801,train
/content/dysgraphia_raw/Potential Dysgraphia Handwriting Dataset of School-Age Children/DATASET DYSGRAPHIA HANDWRITING/DATASET DYSGRAPHIA HANDWRITING/Potential Dysgraphia/PD (1).jpg,Potential Dysgraphia,PD (1).jpg,1,/content/dysgraphia_raw/Potential Dysgraphia Handwriting Dataset of School-Age Children/DATASET DYSGRAPHIA HANDWRITING/DATASET DYSGRAPHIA HANDWRITING/Potential Dysgraphia/PD (1).jpg,146,1318,test
/content/dysgraphia_raw/Potential Dysgraphia Handwriting Dataset of School-Age Children/DATASET DYSGRAPHIA HANDWRITING/DATASET DYSGRAPHIA HANDWRITING/Potential Dysgraphia/PD (31).jpg,Potential Dysgraphia,PD (31).jpg,1,/content/dysgraphia_raw/Potential Dysgraphia Handwriting Dataset of School-Age Children/DATASET DYSGRAPHIA HANDWRITING/DATASET DYSGRAPHIA HANDWRITING/Potential Dysgraphia/PD (31).jpg,96,1003,train
/content/dysgraphia_raw/Potential Dysgraphia Handwriting Dataset of School-Age Children/DATASET DYSGRAPHIA HANDWRITING/DATASET DYSGRAPHIA HANDWRITING/Potential Dysgraphia/PD (91).jpg,Potential Dysgraphia,PD (91).jpg,1,/content/dysgraphia_raw/Potential Dysgraphia Handwriting Dataset of School-Age Children/DATASET DYSGRAPHIA HANDWRITING/DATASET DYSGRAPHIA HANDWRITING/Potential Dysgraphia/PD (91).jpg,126,1079,test
/content/dysgraphia_raw/Potential Dysgraphia Handwriting Dataset of School-Age Children/DATASET DYSGRAPHIA HANDWRITING/DATASET DYSGRAPHIA HANDWRITING/Potential Dysgraphia/PD (80).jpg,Potential Dysgraphia,PD (80).jpg,1,/content/dysgraphia_raw/Potential Dysgraphia Handwriting Dataset of School-Age Children/DATASET DYSGRAPHIA HANDWRITING/DATASET DYSGRAPHIA HANDWRITING/Potential Dysgraphia/PD (80).jpg,170,1226,train
/content/dysgraphia_raw/Potential Dysgraphia Handwriting Dataset of School-Age Children/DATASET DYSGRAPHIA HANDWRITING/DATASET DYSGRAPHIA HANDWRITING/Potential Dysgraphia/PD (65).jpg,Potential Dysgraphia,PD (65).jpg,1,/content/dysgraphia_raw/Potential Dysgraphia Handwriting Dataset of School-Age Children/DATASET DYSGRAPHIA HANDWRITING/DATASET DYSGRAPHIA HANDWRITING/Potential Dysgraphia/PD (65).jpg,252,1201,train
/content/dysgraphia_raw/Potential Dysgraphia Handwriting Dataset of School-Age Children/DATASET DYSGRAPHIA HANDWRITING/DATASET DYSGRAPHIA HANDWRITING/Potential Dysgraphia/PD (75).jpg,Potential Dysgraphia,PD (75).jpg,1,/content/dysgraphia_raw/Potential Dysgraphia Handwriting Dataset of School-Age Children/DATASET DYSGRAPHIA HANDWRITING/DATASET DYSGRAPHIA HANDWRITING/Potential Dysgraphia/PD (75).jpg,347,1282,train
/content/dysgraphia_raw/Potential Dysgraphia Handwriting Dataset of School-Age Children/DATASET DYSGRAPHIA HANDWRITING/DATASET DYSGRAPHIA HANDWRITING/Potential Dysgraphia/PD (12).jpg,Potential Dysgraphia,PD (12).jpg,1,/content/dysgraphia_raw/Potential Dysgraphia Handwriting Dataset of School-Age Children/DATASET DYSGRAPHIA HANDWRITING/DATASET DYSGRAPHIA HANDWRITING/Potential Dysgraphia/PD (12).jpg,180,1434,train
/content/dysgraphia_raw/Potential Dysgraphia Handwriting Dataset of School-Age Children/DATASET DYSGRAPHIA HANDWRITING/DATASET DYSGRAPHIA HANDWRITING/Potential Dysgraphia/PD (58).jpg,Potential Dysgraphia,PD (58).jpg,1,/content/dysgraphia_raw/Potential Dysgraphia Handwriting Dataset of School-Age Children/DATASET DYSGRAPHIA HANDWRITING/DATASET DYSGRAPHIA HANDWRITING/Potential Dysgraphia/PD (58).jpg,77,735,train
/content/dysgraphia_raw/Potential Dysgraphia Handwriting Dataset of School-Age Children/DATASET DYSGRAPHIA HANDWRITING/DATASET DYSGRAPHIA HANDWRITING/Potential Dysgraphia/PD (30).jpg,Potential Dysgraphia,PD (30).jpg,1,/content/dysgraphia_raw/Potential Dysgraphia Handwriting Dataset of School-Age Children/DATASET DYSGRAPHIA HANDWRITING/DATASET DYSGRAPHIA HANDWRITING/Potential Dysgraphia/PD (30).jpg,448,1353,train
/content/dysgraphia_raw/Potential Dysgraphia Handwriting Dataset of School-Age Children/DATASET DYSGRAPHIA HANDWRITING/DATASET DYSGRAPHIA HANDWRITING/Potential Dysgraphia/PD (102).jpg,Potential Dysgraphia,PD (102).jpg,1,/content/dysgraphia_raw/Potential Dysgraphia Handwriting Dataset of School-Age Children/DATASET DYSGRAPHIA HANDWRITING/DATASET DYSGRAPHIA HANDWRITING/Potential Dysgraphia/PD (102).jpg,422,1413,train
/content/dysgraphia_raw/Potential Dysgraphia Handwriting Dataset of School-Age Children/DATASET DYSGRAPHIA HANDWRITING/DATASET DYSGRAPHIA HANDWRITING/Potential Dysgraphia/PD (44).jpg,Potential Dysgraphia,PD (44).jpg,1,/content/dysgraphia_raw/Potential Dysgraphia Handwriting Dataset of School-Age Children/DATASET DYSGRAPHIA HANDWRITING/DATASET DYSGRAPHIA HANDWRITING/Potential Dysgraphia/PD (44).jpg,257,1253,train
/content/dysgraphia_raw/Potential Dysgraphia Handwriting Dataset of School-Age Children/DATASET DYSGRAPHIA HANDWRITING/DATASET DYSGRAPHIA HANDWRITING/Potential Dysgraphia/PD (86).jpg,Potential Dysgraphia,PD (86).jpg,1,/content/dysgraphia_raw/Potential Dysgraphia Handwriting Dataset of School-Age Children/DATASET DYSGRAPHIA HANDWRITING/DATASET DYSGRAPHIA HANDWRITING/Potential Dysgraphia/PD (86).jpg,173,1120,train
/content/dysgraphia_raw/Potential Dysgraphia Handwriting Dataset of School-Age Children/DATASET DYSGRAPHIA HANDWRITING/DATASET DYSGRAPHIA HANDWRITING/Potential Dysgraphia/PD (4).jpg,Potential Dysgraphia,PD (4).jpg,1,/content/dysgraphia_raw/Potential Dysgraphia Handwriting Dataset of School-Age Children/DATASET DYSGRAPHIA HANDWRITING/DATASET DYSGRAPHIA HANDWRITING/Potential Dysgraphia/PD (4).jpg,99,743,train
/content/dysgraphia_raw/Potential Dysgraphia Handwriting Dataset of School-Age Children/DATASET DYSGRAPHIA HANDWRITING/DATASET DYSGRAPHIA HANDWRITING/Potential Dysgraphia/PD (43).jpg,Potential Dysgraphia,PD (43).jpg,1,/content/dysgraphia_raw/Potential Dysgraphia Handwriting Dataset of School-Age Children/DATASET DYSGRAPHIA HANDWRITING/DATASET DYSGRAPHIA HANDWRITING/Potential Dysgraphia/PD (43).jpg,110,1225,train
/content/dysgraphia_raw/Potential Dysgraphia Handwriting Dataset of School-Age Children/DATASET DYSGRAPHIA HANDWRITING/DATASET DYSGRAPHIA HANDWRITING/Potential Dysgraphia/PD (15).jpg,Potential Dysgraphia,PD (15).jpg,1,/content/dysgraphia_raw/Potential Dysgraphia Handwriting Dataset of School-Age Children/DATASET DYSGRAPHIA HANDWRITING/DATASET DYSGRAPHIA HANDWRITING/Potential Dysgraphia/PD (15).jpg,153,1240,test
/content/dysgraphia_raw/Potential Dysgraphia Handwriting Dataset of School-Age Children/DATASET DYSGRAPHIA HANDWRITING/DATASET DYSGRAPHIA HANDWRITING/Potential Dysgraphia/PD (70).jpg,Potential Dysgraphia,PD (70).jpg,1,/content/dysgraphia_raw/Potential Dysgraphia Handwriting Dataset of School-Age Children/DATASET DYSGRAPHIA HANDWRITING/DATASET DYSGRAPHIA HANDWRITING/Potential Dysgraphia/PD (70).jpg,107,1144,train
/content/dysgraphia_raw/Potential Dysgraphia Handwriting Dataset of School-Age Children/DATASET DYSGRAPHIA HANDWRITING/DATASET DYSGRAPHIA HANDWRITING/Potential Dysgraphia/PD (105).jpg,Potential Dysgraphia,PD (105).jpg,1,/content/dysgraphia_raw/Potential Dysgraphia Handwriting Dataset of School-Age Children/DATASET DYSGRAPHIA HANDWRITING/DATASET DYSGRAPHIA HANDWRITING/Potential Dysgraphia/PD (105).jpg,202,1169,test
/content/dysgraphia_raw/Potential Dysgraphia Handwriting Dataset of School-Age Children/DATASET DYSGRAPHIA HANDWRITING/DATASET DYSGRAPHIA HANDWRITING/Potential Dysgraphia/PD (55).jpg,Potential Dysgraphia,PD (55).jpg,1,/content/dysgraphia_raw/Potential Dysgraphia Handwriting Dataset of School-Age Children/DATASET DYSGRAPHIA HANDWRITING/DATASET DYSGRAPHIA HANDWRITING/Potential Dysgraphia/PD (55).jpg,96,700,val
/content/dysgraphia_raw/Potential Dysgraphia Handwriting Dataset of School-Age Children/DATASET DYSGRAPHIA HANDWRITING/DATASET DYSGRAPHIA HANDWRITING/Potential Dysgraphia/PD (83).jpg,Potential Dysgraphia,PD (83).jpg,1,/content/dysgraphia_raw/Potential Dysgraphia Handwriting Dataset of School-Age Children/DATASET DYSGRAPHIA HANDWRITING/DATASET DYSGRAPHIA HANDWRITING/Potential Dysgraphia/PD (83).jpg,287,1258,test
/content/dysgraphia_raw/Potential Dysgraphia Handwriting Dataset of School-Age Children/DATASET DYSGRAPHIA HANDWRITING/DATASET DYSGRAPHIA HANDWRITING/Potential Dysgraphia/PD (94).jpg,Potential Dysgraphia,PD (94).jpg,1,/content/dysgraphia_raw/Potential Dysgraphia Handwriting Dataset of School-Age Children/DATASET DYSGRAPHIA HANDWRITING/DATASET DYSGRAPHIA HANDWRITING/Potential Dysgraphia/PD (94).jpg,126,1141,train
/content/dysgraphia_raw/Potential Dysgraphia Handwriting Dataset of School-Age Children/DATASET DYSGRAPHIA HANDWRITING/DATASET DYSGRAPHIA HANDWRITING/Potential Dysgraphia/PD (99).jpg,Potential Dysgraphia,PD (99).jpg,1,/content/dysgraphia_raw/Potential Dysgraphia Handwriting Dataset of School-Age Children/DATASET DYSGRAPHIA HANDWRITING/DATASET DYSGRAPHIA HANDWRITING/Potential Dysgraphia/PD (99).jpg,232,1275,train
/content/dysgraphia_raw/Potential Dysgraphia Handwriting Dataset of School-Age Children/DATASET DYSGRAPHIA HANDWRITING/DATASET DYSGRAPHIA HANDWRITING/Potential Dysgraphia/PD (49).jpg,Potential Dysgraphia,PD (49).jpg,1,/content/dysgraphia_raw/Potential Dysgraphia Handwriting Dataset of School-Age Children/DATASET DYSGRAPHIA HANDWRITING/DATASET DYSGRAPHIA HANDWRITING/Potential Dysgraphia/PD (49).jpg,99,918,train
/content/dysgraphia_raw/Potential Dysgraphia Handwriting Dataset of School-Age Children/DATASET DYSGRAPHIA HANDWRITING/DATASET DYSGRAPHIA HANDWRITING/Potential Dysgraphia/PD (62).jpg,Potential Dysgraphia,PD (62).jpg,1,/content/dysgraphia_raw/Potential Dysgraphia Handwriting Dataset of School-Age Children/DATASET DYSGRAPHIA HANDWRITING/DATASET DYSGRAPHIA HANDWRITING/Potential Dysgraphia/PD (62).jpg,161,1255,val
/content/dysgraphia_raw/Potential Dysgraphia Handwriting Dataset of School-Age Children/DATASET DYSGRAPHIA HANDWRITING/DATASET DYSGRAPHIA HANDWRITING/Potential Dysgraphia/PD (89).jpg,Potential Dysgraphia,PD (89).jpg,1,/content/dysgraphia_raw/Potential Dysgraphia Handwriting Dataset of School-Age Children/DATASET DYSGRAPHIA HANDWRITING/DATASET DYSGRAPHIA HANDWRITING/Potential Dysgraphia/PD (89).jpg,162,1220,train
/content/dysgraphia_raw/Potential Dysgraphia Handwriting Dataset of School-Age Children/DATASET DYSGRAPHIA HANDWRITING/DATASET DYSGRAPHIA HANDWRITING/Potential Dysgraphia/PD (68).jpg,Potential Dysgraphia,PD (68).jpg,1,/content/dysgraphia_raw/Potential Dysgraphia Handwriting Dataset of School-Age Children/DATASET DYSGRAPHIA HANDWRITING/DATASET DYSGRAPHIA HANDWRITING/Potential Dysgraphia/PD (68).jpg,169,1248,val
/content/dysgraphia_raw/Potential Dysgraphia Handwriting Dataset of School-Age Children/DATASET DYSGRAPHIA HANDWRITING/DATASET DYSGRAPHIA HANDWRITING/Potential Dysgraphia/PD (96).jpg,Potential Dysgraphia,PD (96).jpg,1,/content/dysgraphia_raw/Potential Dysgraphia Handwriting Dataset of School-Age Children/DATASET DYSGRAPHIA HANDWRITING/DATASET DYSGRAPHIA HANDWRITING/Potential Dysgraphia/PD (96).jpg,333,1307,test
/content/dysgraphia_raw/Potential Dysgraphia Handwriting Dataset of School-Age Children/DATASET DYSGRAPHIA HANDWRITING/DATASET DYSGRAPHIA HANDWRITING/Potential Dysgraphia/PD (2).jpg,Potential Dysgraphia,PD (2).jpg,1,/content/dysgraphia_raw/Potential Dysgraphia Handwriting Dataset of School-Age Children/DATASET DYSGRAPHIA HANDWRITING/DATASET DYSGRAPHIA HANDWRITING/Potential Dysgraphia/PD (2).jpg,316,1371,test
/content/dysgraphia_raw/Potential Dysgraphia Handwriting Dataset of School-Age Children/DATASET DYSGRAPHIA HANDWRITING/DATASET DYSGRAPHIA HANDWRITING/Potential Dysgraphia/PD (113).jpg,Potential Dysgraphia,PD (113).jpg,1,/content/dysgraphia_raw/Potential Dysgraphia Handwriting Dataset of School-Age Children/DATASET DYSGRAPHIA HANDWRITING/DATASET DYSGRAPHIA HANDWRITING/Potential Dysgraphia/PD (113).jpg,202,1239,val
/content/dysgraphia_raw/Potential Dysgraphia Handwriting Dataset of School-Age Children/DATASET DYSGRAPHIA HANDWRITING/DATASET DYSGRAPHIA HANDWRITING/Potential Dysgraphia/PD (85).jpg,Potential Dysgraphia,PD (85).jpg,1,/content/dysgraphia_raw/Potential Dysgraphia Handwriting Dataset of School-Age Children/DATASET DYSGRAPHIA HANDWRITING/DATASET DYSGRAPHIA HANDWRITING/Potential Dysgraphia/PD (85).jpg,104,915,train
/content/dysgraphia_raw/Potential Dysgraphia Handwriting Dataset of School-Age Children/DATASET DYSGRAPHIA HANDWRITING/DATASET DYSGRAPHIA HANDWRITING/Potential Dysgraphia/PD (61).jpg,Potential Dysgraphia,PD (61).jpg,1,/content/dysgraphia_raw/Potential Dysgraphia Handwriting Dataset of School-Age Children/DATASET DYSGRAPHIA HANDWRITING/DATASET DYSGRAPHIA HANDWRITING/Potential Dysgraphia/PD (61).jpg,102,920,train
/content/dysgraphia_raw/Potential Dysgraphia Handwriting Dataset of School-Age Children/DATASET DYSGRAPHIA HANDWRITING/DATASET DYSGRAPHIA HANDWRITING/Potential Dysgraphia/PD (71).jpg,Potential Dysgraphia,PD (71).jpg,1,/content/dysgraphia_raw/Potential Dysgraphia Handwriting Dataset of School-Age Children/DATASET DYSGRAPHIA HANDWRITING/DATASET DYSGRAPHIA HANDWRITING/Potential Dysgraphia/PD (71).jpg,195,1155,train
/content/dysgraphia_raw/Potential Dysgraphia Handwriting Dataset of School-Age Children/DATASET DYSGRAPHIA HANDWRITING/DATASET DYSGRAPHIA HANDWRITING/Potential Dysgraphia/PD (100).jpg,Potential Dysgraphia,PD (100).jpg,1,/content/dysgraphia_raw/Potential Dysgraphia Handwriting Dataset of School-Age Children/DATASET DYSGRAPHIA HANDWRITING/DATASET DYSGRAPHIA HANDWRITING/Potential Dysgraphia/PD (100).jpg,135,1280,train
/content/dysgraphia_raw/Potential Dysgraphia Handwriting Dataset of School-Age Children/DATASET DYSGRAPHIA HANDWRITING/DATASET DYSGRAPHIA HANDWRITING/Potential Dysgraphia/PD (76).jpg,Potential Dysgraphia,PD (76).jpg,1,/content/dysgraphia_raw/Potential Dysgraphia Handwriting Dataset of School-Age Children/DATASET DYSGRAPHIA HANDWRITING/DATASET DYSGRAPHIA HANDWRITING/Potential Dysgraphia/PD (76).jpg,102,828,train
/content/dysgraphia_raw/Potential Dysgraphia Handwriting Dataset of School-Age Children/DATASET DYSGRAPHIA HANDWRITING/DATASET DYSGRAPHIA HANDWRITING/Potential Dysgraphia/PD (59).jpg,Potential Dysgraphia,PD (59).jpg,1,/content/dysgraphia_raw/Potential Dysgraphia Handwriting Dataset of School-Age Children/DATASET DYSGRAPHIA HANDWRITING/DATASET DYSGRAPHIA HANDWRITING/Potential Dysgraphia/PD (59).jpg,151,1174,train
/content/dysgraphia_raw/Potential Dysgraphia Handwriting Dataset of School-Age Children/DATASET DYSGRAPHIA HANDWRITING/DATASET DYSGRAPHIA HANDWRITING/Potential Dysgraphia/PD (33).jpg,Potential Dysgraphia,PD (33).jpg,1,/content/dysgraphia_raw/Potential Dysgraphia Handwriting Dataset of School-Age Children/DATASET DYSGRAPHIA HANDWRITING/DATASET DYSGRAPHIA HANDWRITING/Potential Dysgraphia/PD (33).jpg,239,1154,test
/content/dysgraphia_raw/Potential Dysgraphia Handwriting Dataset of School-Age Children/DATASET DYSGRAPHIA HANDWRITING/DATASET DYSGRAPHIA HANDWRITING/Potential Dysgraphia/PD (78).jpg,Potential Dysgraphia,PD (78).jpg,1,/content/dysgraphia_raw/Potential Dysgraphia Handwriting Dataset of School-Age Children/DATASET DYSGRAPHIA HANDWRITING/DATASET DYSGRAPHIA HANDWRITING/Potential Dysgraphia/PD (78).jpg,232,1250,test
/content/dysgraphia_raw/Potential Dysgraphia Handwriting Dataset of School-Age Children/DATASET DYSGRAPHIA HANDWRITING/DATASET DYSGRAPHIA HANDWRITING/Potential Dysgraphia/PD (38).jpg,Potential Dysgraphia,PD (38).jpg,1,/content/dysgraphia_raw/Potential Dysgraphia Handwriting Dataset of School-Age Children/DATASET DYSGRAPHIA HANDWRITING/DATASET DYSGRAPHIA HANDWRITING/Potential Dysgraphia/PD (38).jpg,279,1212,train
/content/dysgraphia_raw/Potential Dysgraphia Handwriting Dataset of School-Age Children/DATASET DYSGRAPHIA HANDWRITING/DATASET DYSGRAPHIA HANDWRITING/Potential Dysgraphia/PD (24).jpg,Potential Dysgraphia,PD (24).jpg,1,/content/dysgraphia_raw/Potential Dysgraphia Handwriting Dataset of School-Age Children/DATASET DYSGRAPHIA HANDWRITING/DATASET DYSGRAPHIA HANDWRITING/Potential Dysgraphia/PD (24).jpg,159,1309,test
/content/dysgraphia_raw/Potential Dysgraphia Handwriting Dataset of School-Age Children/DATASET DYSGRAPHIA HANDWRITING/DATASET DYSGRAPHIA HANDWRITING/Potential Dysgraphia/PD (16).jpg,Potential Dysgraphia,PD (16).jpg,1,/content/dysgraphia_raw/Potential Dysgraphia Handwriting Dataset of School-Age Children/DATASET DYSGRAPHIA HANDWRITING/DATASET DYSGRAPHIA HANDWRITING/Potential Dysgraphia/PD (16).jpg,107,1261,val
/content/dysgraphia_raw/Potential Dysgraphia Handwriting Dataset of School-Age Children/DATASET DYSGRAPHIA HANDWRITING/DATASET DYSGRAPHIA HANDWRITING/Potential Dysgraphia/PD (19).jpg,Potential Dysgraphia,PD (19).jpg,1,/content/dysgraphia_raw/Potential Dysgraphia Handwriting Dataset of School-Age Children/DATASET DYSGRAPHIA HANDWRITING/DATASET DYSGRAPHIA HANDWRITING/Potential Dysgraphia/PD (19).jpg,101,1160,train
/content/dysgraphia_raw/Potential Dysgraphia Handwriting Dataset of School-Age Children/DATASET DYSGRAPHIA HANDWRITING/DATASET DYSGRAPHIA HANDWRITING/Potential Dysgraphia/PD (104).jpg,Potential Dysgraphia,PD (104).jpg,1,/content/dysgraphia_raw/Potential Dysgraphia Handwriting Dataset of School-Age Children/DATASET DYSGRAPHIA HANDWRITING/DATASET DYSGRAPHIA HANDWRITING/Potential Dysgraphia/PD (104).jpg,210,1277,train
/content/dysgraphia_raw/Potential Dysgraphia Handwriting Dataset of School-Age Children/DATASET DYSGRAPHIA HANDWRITING/DATASET DYSGRAPHIA HANDWRITING/Potential Dysgraphia/PD (27).jpg,Potential Dysgraphia,PD (27).jpg,1,/content/dysgraphia_raw/Potential Dysgraphia Handwriting Dataset of School-Age Children/DATASET DYSGRAPHIA HANDWRITING/DATASET DYSGRAPHIA HANDWRITING/Potential Dysgraphia/PD (27).jpg,309,1323,val
/content/dysgraphia_raw/Potential Dysgraphia Handwriting Dataset of School-Age Children/DATASET DYSGRAPHIA HANDWRITING/DATASET DYSGRAPHIA HANDWRITING/Potential Dysgraphia/PD (92).jpg,Potential Dysgraphia,PD (92).jpg,1,/content/dysgraphia_raw/Potential Dysgraphia Handwriting Dataset of School-Age Children/DATASET DYSGRAPHIA HANDWRITING/DATASET DYSGRAPHIA HANDWRITING/Potential Dysgraphia/PD (92).jpg,211,1203,val
/content/dysgraphia_raw/Potential Dysgraphia Handwriting Dataset of School-Age Children/DATASET DYSGRAPHIA HANDWRITING/DATASET DYSGRAPHIA HANDWRITING/Potential Dysgraphia/PD (35).jpg,Potential Dysgraphia,PD (35).jpg,1,/content/dysgraphia_raw/Potential Dysgraphia Handwriting Dataset of School-Age Children/DATASET DYSGRAPHIA HANDWRITING/DATASET DYSGRAPHIA HANDWRITING/Potential Dysgraphia/PD (35).jpg,91,1239,train
/content/dysgraphia_raw/Potential Dysgraphia Handwriting Dataset of School-Age Children/DATASET DYSGRAPHIA HANDWRITING/DATASET DYSGRAPHIA HANDWRITING/Potential Dysgraphia/PD (21).jpg,Potential Dysgraphia,PD (21).jpg,1,/content/dysgraphia_raw/Potential Dysgraphia Handwriting Dataset of School-Age Children/DATASET DYSGRAPHIA HANDWRITING/DATASET DYSGRAPHIA HANDWRITING/Potential Dysgraphia/PD (21).jpg,156,1152,val
/content/dysgraphia_raw/Potential Dysgraphia Handwriting Dataset of School-Age Children/DATASET DYSGRAPHIA HANDWRITING/DATASET DYSGRAPHIA HANDWRITING/Potential Dysgraphia/PD (37).jpg,Potential Dysgraphia,PD (37).jpg,1,/content/dysgraphia_raw/Potential Dysgraphia Handwriting Dataset of School-Age Children/DATASET DYSGRAPHIA HANDWRITING/DATASET DYSGRAPHIA HANDWRITING/Potential Dysgraphia/PD (37).jpg,123,1116,test
/content/dysgraphia_raw/Potential Dysgraphia Handwriting Dataset of School-Age Children/DATASET DYSGRAPHIA HANDWRITING/DATASET DYSGRAPHIA HANDWRITING/Potential Dysgraphia/PD (5).jpg,Potential Dysgraphia,PD (5).jpg,1,/content/dysgraphia_raw/Potential Dysgraphia Handwriting Dataset of School-Age Children/DATASET DYSGRAPHIA HANDWRITING/DATASET DYSGRAPHIA HANDWRITING/Potential Dysgraphia/PD (5).jpg,189,1269,val
/content/dysgraphia_raw/Potential Dysgraphia Handwriting Dataset of School-Age Children/DATASET DYSGRAPHIA HANDWRITING/DATASET DYSGRAPHIA HANDWRITING/Potential Dysgraphia/PD (107).jpg,Potential Dysgraphia,PD (107).jpg,1,/content/dysgraphia_raw/Potential Dysgraphia Handwriting Dataset of School-Age Children/DATASET DYSGRAPHIA HANDWRITING/DATASET DYSGRAPHIA HANDWRITING/Potential Dysgraphia/PD (107).jpg,265,1239,val
/content/dysgraphia_raw/Potential Dysgraphia Handwriting Dataset of School-Age Children/DATASET DYSGRAPHIA HANDWRITING/DATASET DYSGRAPHIA HANDWRITING/Potential Dysgraphia/PD (42).jpg,Potential Dysgraphia,PD (42).jpg,1,/content/dysgraphia_raw/Potential Dysgraphia Handwriting Dataset of School-Age Children/DATASET DYSGRAPHIA HANDWRITING/DATASET DYSGRAPHIA HANDWRITING/Potential Dysgraphia/PD (42).jpg,425,1427,test
/content/dysgraphia_raw/Potential Dysgraphia Handwriting Dataset of School-Age Children/DATASET DYSGRAPHIA HANDWRITING/DATASET DYSGRAPHIA HANDWRITING/Potential Dysgraphia/PD (112).jpg,Potential Dysgraphia,PD (112).jpg,1,/content/dysgraphia_raw/Potential Dysgraphia Handwriting Dataset of School-Age Children/DATASET DYSGRAPHIA HANDWRITING/DATASET DYSGRAPHIA HANDWRITING/Potential Dysgraphia/PD (112).jpg,177,1095,test
/content/dysgraphia_raw/Potential Dysgraphia Handwriting Dataset of School-Age Children/DATASET DYSGRAPHIA HANDWRITING/DATASET DYSGRAPHIA HANDWRITING/Potential Dysgraphia/PD (17).jpg,Potential Dysgraphia,PD (17).jpg,1,/content/dysgraphia_raw/Potential Dysgraphia Handwriting Dataset of School-Age Children/DATASET DYSGRAPHIA HANDWRITING/DATASET DYSGRAPHIA HANDWRITING/Potential Dysgraphia/PD (17).jpg,194,1223,train
/content/dysgraphia_raw/Potential Dysgraphia Handwriting Dataset of School-Age Children/DATASET DYSGRAPHIA HANDWRITING/DATASET DYSGRAPHIA HANDWRITING/Potential Dysgraphia/PD (101).jpg,Potential Dysgraphia,PD (101).jpg,1,/content/dysgraphia_raw/Potential Dysgraphia Handwriting Dataset of School-Age Children/DATASET DYSGRAPHIA HANDWRITING/DATASET DYSGRAPHIA HANDWRITING/Potential Dysgraphia/PD (101).jpg,260,1206,val
/content/dysgraphia_raw/Potential Dysgraphia Handwriting Dataset of School-Age Children/DATASET DYSGRAPHIA HANDWRITING/DATASET DYSGRAPHIA HANDWRITING/Potential Dysgraphia/PD (50).jpg,Potential Dysgraphia,PD (50).jpg,1,/content/dysgraphia_raw/Potential Dysgraphia Handwriting Dataset of School-Age Children/DATASET DYSGRAPHIA HANDWRITING/DATASET DYSGRAPHIA HANDWRITING/Potential Dysgraphia/PD (50).jpg,164,1277,test
/content/dysgraphia_raw/Potential Dysgraphia Handwriting Dataset of School-Age Children/DATASET DYSGRAPHIA HANDWRITING/DATASET DYSGRAPHIA HANDWRITING/Potential Dysgraphia/PD (13).jpg,Potential Dysgraphia,PD (13).jpg,1,/content/dysgraphia_raw/Potential Dysgraphia Handwriting Dataset of School-Age Children/DATASET DYSGRAPHIA HANDWRITING/DATASET DYSGRAPHIA HANDWRITING/Potential Dysgraphia/PD (13).jpg,96,839,train
/content/dysgraphia_raw/Potential Dysgraphia Handwriting Dataset of School-Age Children/DATASET DYSGRAPHIA HANDWRITING/DATASET DYSGRAPHIA HANDWRITING/Potential Dysgraphia/PD (90).jpg,Potential Dysgraphia,PD (90).jpg,1,/content/dysgraphia_raw/Potential Dysgraphia Handwriting Dataset of School-Age Children/DATASET DYSGRAPHIA HANDWRITING/DATASET DYSGRAPHIA HANDWRITING/Potential Dysgraphia/PD (90).jpg,230,1313,train
/content/dysgraphia_raw/Potential Dysgraphia Handwriting Dataset of School-Age Children/DATASET DYSGRAPHIA HANDWRITING/DATASET DYSGRAPHIA HANDWRITING/Potential Dysgraphia/PD (54).jpg,Potential Dysgraphia,PD (54).jpg,1,/content/dysgraphia_raw/Potential Dysgraphia Handwriting Dataset of School-Age Children/DATASET DYSGRAPHIA HANDWRITING/DATASET DYSGRAPHIA HANDWRITING/Potential Dysgraphia/PD (54).jpg,263,1252,train
/content/dysgraphia_raw/Potential Dysgraphia Handwriting Dataset of School-Age Children/DATASET DYSGRAPHIA HANDWRITING/DATASET DYSGRAPHIA HANDWRITING/Potential Dysgraphia/PD (74).jpg,Potential Dysgraphia,PD (74).jpg,1,/content/dysgraphia_raw/Potential Dysgraphia Handwriting Dataset of School-Age Children/DATASET DYSGRAPHIA HANDWRITING/DATASET DYSGRAPHIA HANDWRITING/Potential Dysgraphia/PD (74).jpg,255,1300,train
/content/dysgraphia_raw/Potential Dysgraphia Handwriting Dataset of School-Age Children/DATASET DYSGRAPHIA HANDWRITING/DATASET DYSGRAPHIA HANDWRITING/Potential Dysgraphia/PD (97).jpg,Potential Dysgraphia,PD (97).jpg,1,/content/dysgraphia_raw/Potential Dysgraphia Handwriting Dataset of School-Age Children/DATASET DYSGRAPHIA HANDWRITING/DATASET DYSGRAPHIA HANDWRITING/Potential Dysgraphia/PD (97).jpg,102,905,val
/content/dysgraphia_raw/Potential Dysgraphia Handwriting Dataset of School-Age Children/DATASET DYSGRAPHIA HANDWRITING/DATASET DYSGRAPHIA HANDWRITING/Potential Dysgraphia/PD (82).jpg,Potential Dysgraphia,PD (82).jpg,1,/content/dysgraphia_raw/Potential Dysgraphia Handwriting Dataset of School-Age Children/DATASET DYSGRAPHIA HANDWRITING/DATASET DYSGRAPHIA HANDWRITING/Potential Dysgraphia/PD (82).jpg,148,1214,train
/content/dysgraphia_raw/Potential Dysgraphia Handwriting Dataset of School-Age Children/DATASET DYSGRAPHIA HANDWRITING/DATASET DYSGRAPHIA HANDWRITING/Potential Dysgraphia/PD (66).jpg,Potential Dysgraphia,PD (66).jpg,1,/content/dysgraphia_raw/Potential Dysgraphia Handwriting Dataset of School-Age Children/DATASET DYSGRAPHIA HANDWRITING/DATASET DYSGRAPHIA HANDWRITING/Potential Dysgraphia/PD (66).jpg,300,1193,train
/content/dysgraphia_raw/Potential Dysgraphia Handwriting Dataset of School-Age Children/DATASET DYSGRAPHIA HANDWRITING/DATASET DYSGRAPHIA HANDWRITING/Potential Dysgraphia/PD (98).jpg,Potential Dysgraphia,PD (98).jpg,1,/content/dysgraphia_raw/Potential Dysgraphia Handwriting Dataset of School-Age Children/DATASET DYSGRAPHIA HANDWRITING/DATASET DYSGRAPHIA HANDWRITING/Potential Dysgraphia/PD (98).jpg,165,1218,train
/content/dysgraphia_raw/Potential Dysgraphia Handwriting Dataset of School-Age Children/DATASET DYSGRAPHIA HANDWRITING/DATASET DYSGRAPHIA HANDWRITING/Potential Dysgraphia/PD (26).jpg,Potential Dysgraphia,PD (26).jpg,1,/content/dysgraphia_raw/Potential Dysgraphia Handwriting Dataset of School-Age Children/DATASET DYSGRAPHIA HANDWRITING/DATASET DYSGRAPHIA HANDWRITING/Potential Dysgraphia/PD (26).jpg,230,1261,train
/content/dysgraphia_raw/Potential Dysgraphia Handwriting Dataset of School-Age Children/DATASET DYSGRAPHIA HANDWRITING/DATASET DYSGRAPHIA HANDWRITING/Potential Dysgraphia/PD (114).jpg,Potential Dysgraphia,PD (114).jpg,1,/content/dysgraphia_raw/Potential Dysgraphia Handwriting Dataset of School-Age Children/DATASET DYSGRAPHIA HANDWRITING/DATASET DYSGRAPHIA HANDWRITING/Potential Dysgraphia/PD (114).jpg,314,1318,train
/content/dysgraphia_raw/Potential Dysgraphia Handwriting Dataset of School-Age Children/DATASET DYSGRAPHIA HANDWRITING/DATASET DYSGRAPHIA HANDWRITING/Potential Dysgraphia/PD (48).jpg,Potential Dysgraphia,PD (48).jpg,1,/content/dysgraphia_raw/Potential Dysgraphia Handwriting Dataset of School-Age Children/DATASET DYSGRAPHIA HANDWRITING/DATASET DYSGRAPHIA HANDWRITING/Potential Dysgraphia/PD (48).jpg,197,1033,train
/content/dysgraphia_raw/Potential Dysgraphia Handwriting Dataset of School-Age Children/DATASET DYSGRAPHIA HANDWRITING/DATASET DYSGRAPHIA HANDWRITING/Potential Dysgraphia/PD (22).jpg,Potential Dysgraphia,PD (22).jpg,1,/content/dysgraphia_raw/Potential Dysgraphia Handwriting Dataset of School-Age Children/DATASET DYSGRAPHIA HANDWRITING/DATASET DYSGRAPHIA HANDWRITING/Potential Dysgraphia/PD (22).jpg,85,869,train
